"","participant.id_in_session","participant.code","participant.label","participant._is_bot","participant._index_in_pages","participant._max_page_index","participant._current_app_name","participant._current_page_name","participant.time_started","participant.visited","participant.mturk_worker_id","participant.mturk_assignment_id","participant.payoff","player.id_in_group","player.role","player.payoff","player.settled_assets","player.available_assets","player.settled_cash","player.available_cash","group.id_in_subsession","group.ran_ready_function","subsession.round_number","subsession.period_length","subsession.num_assets","subsession.num_states","subsession.asset_endowments","subsession.cash_endowment","subsession.practice","subsession.x","subsession.G","subsession.L","subsession.p1","subsession.p2","subsession.p3","subsession.state_independent","subsession.state_a","subsession.state_b","subsession.salient_payoff","subsession.final_selected_round","subsession.num_rounds","session.code","session.label","session.mturk_HITId","session.mturk_HITGroupId","session.comment","session.is_demo","subsession.asset_type"
"1",1,"9yz398oh","leeps_2",0,48,600,"salience_market","FinalResults","2022-08-31 02:00:39.514315+00:00",1,NA,NA,11102,2,NA,1430,"{'A': 2, 'B': 4}","{'A': 2, 'B': 3}",830,830,1,"2022-08-31 02:06:17.504705+00:00",1,240,2,3,"2 2",1000,1,100,80,20,0.1,0.5,0.4,0,2,2,0,-1,8,"1iefx832",NA,NA,NA,NA,0,"A and B"
"2",2,"ja1kh7s3","leeps_3",0,48,600,"salience_market","FinalResults","2022-08-31 02:00:39.854936+00:00",1,NA,NA,11650,4,NA,1492,"{'A': 3, 'B': 2}","{'A': 3, 'B': 2}",992,952,1,"2022-08-31 02:06:17.504705+00:00",1,240,2,3,"2 2",1000,1,100,80,20,0.1,0.5,0.4,0,2,2,0,-1,8,"1iefx832",NA,NA,NA,NA,0,"A and B"
"3",3,"83manlr6","leeps_1",0,48,600,"salience_market","FinalResults","2022-08-31 02:00:43.789261+00:00",1,NA,NA,11276,7,NA,1420,"{'A': 3, 'B': 3}","{'A': 3, 'B': 3}",820,820,1,"2022-08-31 02:06:17.504705+00:00",1,240,2,3,"2 2",1000,1,100,80,20,0.1,0.5,0.4,0,2,2,0,-1,8,"1iefx832",NA,NA,NA,NA,0,"A and B"
"4",4,"ljjipv4s","leeps_7",0,48,600,"salience_market","FinalResults","2022-08-31 02:00:45.072481+00:00",1,NA,NA,11530,6,NA,1415,"{'A': 2, 'B': 0}","{'A': 2, 'B': 0}",1215,1060,1,"2022-08-31 02:06:17.504705+00:00",1,240,2,3,"2 2",1000,1,100,80,20,0.1,0.5,0.4,0,2,2,0,-1,8,"1iefx832",NA,NA,NA,NA,0,"A and B"
"5",5,"w4r6zk3w","leeps_5",0,48,600,"salience_market","FinalResults","2022-08-31 02:00:50.678216+00:00",1,NA,NA,11025,5,NA,1455,"{'A': 2, 'B': 2}","{'A': 2, 'B': 2}",1055,1040,1,"2022-08-31 02:06:17.504705+00:00",1,240,2,3,"2 2",1000,1,100,80,20,0.1,0.5,0.4,0,2,2,0,-1,8,"1iefx832",NA,NA,NA,NA,0,"A and B"
"6",6,"i8aoxvpo","leeps_4",0,48,600,"salience_market","FinalResults","2022-08-31 02:00:54.679748+00:00",1,NA,NA,11030,8,NA,1358,"{'A': 1, 'B': 1}","{'A': 1, 'B': 0}",1158,1098,1,"2022-08-31 02:06:17.504705+00:00",1,240,2,3,"2 2",1000,1,100,80,20,0.1,0.5,0.4,0,2,2,0,-1,8,"1iefx832",NA,NA,NA,NA,0,"A and B"
"7",7,"7r1iuu2s","leeps_6",0,48,600,"salience_market","FinalResults","2022-08-31 02:00:59.606920+00:00",1,NA,NA,10544,3,NA,1255,"{'A': 0, 'B': 1}","{'A': 0, 'B': 1}",1155,1052,1,"2022-08-31 02:06:17.504705+00:00",1,240,2,3,"2 2",1000,1,100,80,20,0.1,0.5,0.4,0,2,2,0,-1,8,"1iefx832",NA,NA,NA,NA,0,"A and B"
"8",8,"x8nr6xqz","leeps_8",0,48,600,"salience_market","FinalResults","2022-08-31 02:01:45.222358+00:00",1,NA,NA,11443,1,NA,1375,"{'A': 3, 'B': 3}","{'A': 2, 'B': 3}",775,775,1,"2022-08-31 02:06:17.504705+00:00",1,240,2,3,"2 2",1000,1,100,80,20,0.1,0.5,0.4,0,2,2,0,-1,8,"1iefx832",NA,NA,NA,NA,0,"A and B"
"9",1,"9yz398oh","leeps_2",0,48,600,"salience_market","FinalResults","2022-08-31 02:00:39.514315+00:00",1,NA,NA,11102,8,NA,1550,"{'A': 4, 'B': 3}","{'A': 4, 'B': 3}",850,850,1,"2022-08-31 02:10:41.187887+00:00",2,240,2,3,"2 2",1000,0,100,80,20,0.1,0.5,0.4,0,2,2,0,-1,8,"1iefx832",NA,NA,NA,NA,0,"A and B"
"10",2,"ja1kh7s3","leeps_3",0,48,600,"salience_market","FinalResults","2022-08-31 02:00:39.854936+00:00",1,NA,NA,11650,1,NA,1445,"{'A': 2, 'B': 1}","{'A': 2, 'B': 1}",1145,1145,1,"2022-08-31 02:10:41.187887+00:00",2,240,2,3,"2 2",1000,0,100,80,20,0.1,0.5,0.4,0,2,2,0,-1,8,"1iefx832",NA,NA,NA,NA,0,"A and B"
"11",3,"83manlr6","leeps_1",0,48,600,"salience_market","FinalResults","2022-08-31 02:00:43.789261+00:00",1,NA,NA,11276,3,NA,1460,"{'A': 3, 'B': 3}","{'A': 3, 'B': 3}",860,730,1,"2022-08-31 02:10:41.187887+00:00",2,240,2,3,"2 2",1000,0,100,80,20,0.1,0.5,0.4,0,2,2,0,-1,8,"1iefx832",NA,NA,NA,NA,0,"A and B"
"12",4,"ljjipv4s","leeps_7",0,48,600,"salience_market","FinalResults","2022-08-31 02:00:45.072481+00:00",1,NA,NA,11530,7,NA,1290,"{'A': 0, 'B': 0}","{'A': 0, 'B': 0}",1290,1144,1,"2022-08-31 02:10:41.187887+00:00",2,240,2,3,"2 2",1000,0,100,80,20,0.1,0.5,0.4,0,2,2,0,-1,8,"1iefx832",NA,NA,NA,NA,0,"A and B"
"13",5,"w4r6zk3w","leeps_5",0,48,600,"salience_market","FinalResults","2022-08-31 02:00:50.678216+00:00",1,NA,NA,11025,2,NA,1345,"{'A': 0, 'B': 2}","{'A': 0, 'B': 2}",1145,1060,1,"2022-08-31 02:10:41.187887+00:00",2,240,2,3,"2 2",1000,0,100,80,20,0.1,0.5,0.4,0,2,2,0,-1,8,"1iefx832",NA,NA,NA,NA,0,"A and B"
"14",6,"i8aoxvpo","leeps_4",0,48,600,"salience_market","FinalResults","2022-08-31 02:00:54.679748+00:00",1,NA,NA,11030,6,NA,1275,"{'A': 1, 'B': 2}","{'A': 1, 'B': 2}",975,895,1,"2022-08-31 02:10:41.187887+00:00",2,240,2,3,"2 2",1000,0,100,80,20,0.1,0.5,0.4,0,2,2,0,-1,8,"1iefx832",NA,NA,NA,NA,0,"A and B"
"15",7,"7r1iuu2s","leeps_6",0,48,600,"salience_market","FinalResults","2022-08-31 02:00:59.606920+00:00",1,NA,NA,10544,5,NA,1190,"{'A': 0, 'B': 0}","{'A': 0, 'B': 0}",1190,1135,1,"2022-08-31 02:10:41.187887+00:00",2,240,2,3,"2 2",1000,0,100,80,20,0.1,0.5,0.4,0,2,2,0,-1,8,"1iefx832",NA,NA,NA,NA,0,"A and B"
"16",8,"x8nr6xqz","leeps_8",0,48,600,"salience_market","FinalResults","2022-08-31 02:01:45.222358+00:00",1,NA,NA,11443,4,NA,1645,"{'A': 6, 'B': 5}","{'A': 6, 'B': 5}",545,360,1,"2022-08-31 02:10:41.187887+00:00",2,240,2,3,"2 2",1000,0,100,80,20,0.1,0.5,0.4,0,2,2,0,-1,8,"1iefx832",NA,NA,NA,NA,0,"A and B"
"17",1,"9yz398oh","leeps_2",0,48,600,"salience_market","FinalResults","2022-08-31 02:00:39.514315+00:00",1,NA,NA,11102,3,NA,1335,"{'A': 4, 'B': 2}","{'A': 2, 'B': 2}",775,775,1,"2022-08-31 02:15:03.365568+00:00",3,240,2,3,"2 2",1000,0,100,80,20,0.1,0.5,0.4,0,3,3,0,-1,8,"1iefx832",NA,NA,NA,NA,0,"A and B"
"18",2,"ja1kh7s3","leeps_3",0,48,600,"salience_market","FinalResults","2022-08-31 02:00:39.854936+00:00",1,NA,NA,11650,2,NA,1450,"{'A': 0, 'B': 1}","{'A': 0, 'B': 0}",1330,1330,1,"2022-08-31 02:15:03.365568+00:00",3,240,2,3,"2 2",1000,0,100,80,20,0.1,0.5,0.4,0,3,3,0,-1,8,"1iefx832",NA,NA,NA,NA,0,"A and B"
"19",3,"83manlr6","leeps_1",0,48,600,"salience_market","FinalResults","2022-08-31 02:00:43.789261+00:00",1,NA,NA,11276,5,NA,1455,"{'A': 4, 'B': 4}","{'A': 4, 'B': 4}",655,406,1,"2022-08-31 02:15:03.365568+00:00",3,240,2,3,"2 2",1000,0,100,80,20,0.1,0.5,0.4,0,3,3,0,-1,8,"1iefx832",NA,NA,NA,NA,0,"A and B"
"20",4,"ljjipv4s","leeps_7",0,48,600,"salience_market","FinalResults","2022-08-31 02:00:45.072481+00:00",1,NA,NA,11530,4,NA,1358,"{'A': 0, 'B': 0}","{'A': 0, 'B': 0}",1358,903,1,"2022-08-31 02:15:03.365568+00:00",3,240,2,3,"2 2",1000,0,100,80,20,0.1,0.5,0.4,0,3,3,0,-1,8,"1iefx832",NA,NA,NA,NA,0,"A and B"
"21",5,"w4r6zk3w","leeps_5",0,48,600,"salience_market","FinalResults","2022-08-31 02:00:50.678216+00:00",1,NA,NA,11025,1,NA,1366,"{'A': 3, 'B': 1}","{'A': 3, 'B': 0}",1006,916,1,"2022-08-31 02:15:03.365568+00:00",3,240,2,3,"2 2",1000,0,100,80,20,0.1,0.5,0.4,0,3,3,0,-1,8,"1iefx832",NA,NA,NA,NA,0,"A and B"
"22",6,"i8aoxvpo","leeps_4",0,48,600,"salience_market","FinalResults","2022-08-31 02:00:54.679748+00:00",1,NA,NA,11030,8,NA,1380,"{'A': 0, 'B': 1}","{'A': 0, 'B': 0}",1260,900,1,"2022-08-31 02:15:03.365568+00:00",3,240,2,3,"2 2",1000,0,100,80,20,0.1,0.5,0.4,0,3,3,0,-1,8,"1iefx832",NA,NA,NA,NA,0,"A and B"
"23",7,"7r1iuu2s","leeps_6",0,48,600,"salience_market","FinalResults","2022-08-31 02:00:59.606920+00:00",1,NA,NA,10544,7,NA,1305,"{'A': 0, 'B': 0}","{'A': 0, 'B': 0}",1305,1245,1,"2022-08-31 02:15:03.365568+00:00",3,240,2,3,"2 2",1000,0,100,80,20,0.1,0.5,0.4,0,3,3,0,-1,8,"1iefx832",NA,NA,NA,NA,0,"A and B"
"24",8,"x8nr6xqz","leeps_8",0,48,600,"salience_market","FinalResults","2022-08-31 02:01:45.222358+00:00",1,NA,NA,11443,6,NA,1551,"{'A': 5, 'B': 7}","{'A': 5, 'B': 7}",311,151,1,"2022-08-31 02:15:03.365568+00:00",3,240,2,3,"2 2",1000,0,100,80,20,0.1,0.5,0.4,0,3,3,0,-1,8,"1iefx832",NA,NA,NA,NA,0,"A and B"
"25",1,"9yz398oh","leeps_2",0,48,600,"salience_market","FinalResults","2022-08-31 02:00:39.514315+00:00",1,NA,NA,11102,5,NA,1420,"{'A': 3, 'B': 2}","{'A': 3, 'B': 2}",940,940,1,"2022-08-31 02:19:18.461170+00:00",4,240,2,3,"2 2",1000,0,100,80,20,0.1,0.5,0.4,0,3,3,0,-1,8,"1iefx832",NA,NA,NA,NA,0,"A and B"
"26",2,"ja1kh7s3","leeps_3",0,48,600,"salience_market","FinalResults","2022-08-31 02:00:39.854936+00:00",1,NA,NA,11650,4,NA,1414,"{'A': 0, 'B': 0}","{'A': 0, 'B': 0}",1414,1414,1,"2022-08-31 02:19:18.461170+00:00",4,240,2,3,"2 2",1000,0,100,80,20,0.1,0.5,0.4,0,3,3,0,-1,8,"1iefx832",NA,NA,NA,NA,0,"A and B"
"27",3,"83manlr6","leeps_1",0,48,600,"salience_market","FinalResults","2022-08-31 02:00:43.789261+00:00",1,NA,NA,11276,1,NA,1411,"{'A': 3, 'B': 4}","{'A': 3, 'B': 4}",691,266,1,"2022-08-31 02:19:18.461170+00:00",4,240,2,3,"2 2",1000,0,100,80,20,0.1,0.5,0.4,0,3,3,0,-1,8,"1iefx832",NA,NA,NA,NA,0,"A and B"
"28",4,"ljjipv4s","leeps_7",0,48,600,"salience_market","FinalResults","2022-08-31 02:00:45.072481+00:00",1,NA,NA,11530,3,NA,1471,"{'A': 2, 'B': 3}","{'A': 1, 'B': 2}",951,870,1,"2022-08-31 02:19:18.461170+00:00",4,240,2,3,"2 2",1000,0,100,80,20,0.1,0.5,0.4,0,3,3,0,-1,8,"1iefx832",NA,NA,NA,NA,0,"A and B"
"29",5,"w4r6zk3w","leeps_5",0,48,600,"salience_market","FinalResults","2022-08-31 02:00:50.678216+00:00",1,NA,NA,11025,6,NA,1329,"{'A': 4, 'B': 1}","{'A': 4, 'B': 1}",889,889,1,"2022-08-31 02:19:18.461170+00:00",4,240,2,3,"2 2",1000,0,100,80,20,0.1,0.5,0.4,0,3,3,0,-1,8,"1iefx832",NA,NA,NA,NA,0,"A and B"
"30",6,"i8aoxvpo","leeps_4",0,48,600,"salience_market","FinalResults","2022-08-31 02:00:54.679748+00:00",1,NA,NA,11030,7,NA,1351,"{'A': 1, 'B': 0}","{'A': 0, 'B': 0}",1271,1116,1,"2022-08-31 02:19:18.461170+00:00",4,240,2,3,"2 2",1000,0,100,80,20,0.1,0.5,0.4,0,3,3,0,-1,8,"1iefx832",NA,NA,NA,NA,0,"A and B"
"31",7,"7r1iuu2s","leeps_6",0,48,600,"salience_market","FinalResults","2022-08-31 02:00:59.606920+00:00",1,NA,NA,10544,2,NA,1301,"{'A': 0, 'B': 0}","{'A': 0, 'B': 0}",1301,1301,1,"2022-08-31 02:19:18.461170+00:00",4,240,2,3,"2 2",1000,0,100,80,20,0.1,0.5,0.4,0,3,3,0,-1,8,"1iefx832",NA,NA,NA,NA,0,"A and B"
"32",8,"x8nr6xqz","leeps_8",0,48,600,"salience_market","FinalResults","2022-08-31 02:01:45.222358+00:00",1,NA,NA,11443,8,NA,1503,"{'A': 3, 'B': 6}","{'A': 3, 'B': 6}",543,352,1,"2022-08-31 02:19:18.461170+00:00",4,240,2,3,"2 2",1000,0,100,80,20,0.1,0.5,0.4,0,3,3,0,-1,8,"1iefx832",NA,NA,NA,NA,0,"A and B"
"33",1,"9yz398oh","leeps_2",0,48,600,"salience_market","FinalResults","2022-08-31 02:00:39.514315+00:00",1,NA,NA,11102,1,NA,1445,"{'A': 1, 'B': 2}","{'A': 0, 'B': 2}",1125,1125,1,"2022-08-31 02:23:34.616840+00:00",5,240,2,3,"2 2",1000,0,100,80,20,0.1,0.5,0.4,0,3,3,0,-1,8,"1iefx832",NA,NA,NA,NA,0,"A and B"
"34",2,"ja1kh7s3","leeps_3",0,48,600,"salience_market","FinalResults","2022-08-31 02:00:39.854936+00:00",1,NA,NA,11650,3,NA,1380,"{'A': 2, 'B': 1}","{'A': 1, 'B': 1}",1100,1100,1,"2022-08-31 02:23:34.616840+00:00",5,240,2,3,"2 2",1000,0,100,80,20,0.1,0.5,0.4,0,3,3,0,-1,8,"1iefx832",NA,NA,NA,NA,0,"A and B"
"35",3,"83manlr6","leeps_1",0,48,600,"salience_market","FinalResults","2022-08-31 02:00:43.789261+00:00",1,NA,NA,11276,8,NA,1430,"{'A': 3, 'B': 3}","{'A': 3, 'B': 3}",830,492,1,"2022-08-31 02:23:34.616840+00:00",5,240,2,3,"2 2",1000,0,100,80,20,0.1,0.5,0.4,0,3,3,0,-1,8,"1iefx832",NA,NA,NA,NA,0,"A and B"
"36",4,"ljjipv4s","leeps_7",0,48,600,"salience_market","FinalResults","2022-08-31 02:00:45.072481+00:00",1,NA,NA,11530,7,NA,1389,"{'A': 3, 'B': 2}","{'A': 3, 'B': 2}",909,556,1,"2022-08-31 02:23:34.616840+00:00",5,240,2,3,"2 2",1000,0,100,80,20,0.1,0.5,0.4,0,3,3,0,-1,8,"1iefx832",NA,NA,NA,NA,0,"A and B"
"37",5,"w4r6zk3w","leeps_5",0,48,600,"salience_market","FinalResults","2022-08-31 02:00:50.678216+00:00",1,NA,NA,11025,5,NA,1370,"{'A': 3, 'B': 3}","{'A': 3, 'B': 3}",770,608,1,"2022-08-31 02:23:34.616840+00:00",5,240,2,3,"2 2",1000,0,100,80,20,0.1,0.5,0.4,0,3,3,0,-1,8,"1iefx832",NA,NA,NA,NA,0,"A and B"
"38",6,"i8aoxvpo","leeps_4",0,48,600,"salience_market","FinalResults","2022-08-31 02:00:54.679748+00:00",1,NA,NA,11030,4,NA,1381,"{'A': 0, 'B': 1}","{'A': 0, 'B': 0}",1261,1056,1,"2022-08-31 02:23:34.616840+00:00",5,240,2,3,"2 2",1000,0,100,80,20,0.1,0.5,0.4,0,3,3,0,-1,8,"1iefx832",NA,NA,NA,NA,0,"A and B"
"39",7,"7r1iuu2s","leeps_6",0,48,600,"salience_market","FinalResults","2022-08-31 02:00:59.606920+00:00",1,NA,NA,10544,2,NA,1360,"{'A': 0, 'B': 0}","{'A': 0, 'B': 0}",1360,1360,1,"2022-08-31 02:23:34.616840+00:00",5,240,2,3,"2 2",1000,0,100,80,20,0.1,0.5,0.4,0,3,3,0,-1,8,"1iefx832",NA,NA,NA,NA,0,"A and B"
"40",8,"x8nr6xqz","leeps_8",0,48,600,"salience_market","FinalResults","2022-08-31 02:01:45.222358+00:00",1,NA,NA,11443,6,NA,1445,"{'A': 4, 'B': 4}","{'A': 4, 'B': 4}",645,546,1,"2022-08-31 02:23:34.616840+00:00",5,240,2,3,"2 2",1000,0,100,80,20,0.1,0.5,0.4,0,3,3,0,-1,8,"1iefx832",NA,NA,NA,NA,0,"A and B"
"41",1,"9yz398oh","leeps_2",0,48,600,"salience_market","FinalResults","2022-08-31 02:00:39.514315+00:00",1,NA,NA,11102,8,NA,1088,"{'A': 0, 'B': 4}","{'A': 0, 'B': 4}",1008,1008,1,"2022-08-31 02:27:57.368161+00:00",6,240,2,3,"2 2",1000,0,100,80,20,0.1,0.5,0.4,0,1,1,0,-1,8,"1iefx832",NA,NA,NA,NA,0,"A and B"
"42",2,"ja1kh7s3","leeps_3",0,48,600,"salience_market","FinalResults","2022-08-31 02:00:39.854936+00:00",1,NA,NA,11650,5,NA,1650,"{'A': 3, 'B': 0}","{'A': 2, 'B': 0}",1110,1110,1,"2022-08-31 02:27:57.368161+00:00",6,240,2,3,"2 2",1000,0,100,80,20,0.1,0.5,0.4,0,1,1,0,-1,8,"1iefx832",NA,NA,NA,NA,0,"A and B"
"43",3,"83manlr6","leeps_1",0,48,600,"salience_market","FinalResults","2022-08-31 02:00:43.789261+00:00",1,NA,NA,11276,4,NA,1320,"{'A': 3, 'B': 4}","{'A': 3, 'B': 4}",700,605,1,"2022-08-31 02:27:57.368161+00:00",6,240,2,3,"2 2",1000,0,100,80,20,0.1,0.5,0.4,0,1,1,0,-1,8,"1iefx832",NA,NA,NA,NA,0,"A and B"
"44",4,"ljjipv4s","leeps_7",0,48,600,"salience_market","FinalResults","2022-08-31 02:00:45.072481+00:00",1,NA,NA,11530,2,NA,1810,"{'A': 5, 'B': 0}","{'A': 2, 'B': 0}",910,631,1,"2022-08-31 02:27:57.368161+00:00",6,240,2,3,"2 2",1000,0,100,80,20,0.1,0.5,0.4,0,1,1,0,-1,8,"1iefx832",NA,NA,NA,NA,0,"A and B"
"45",5,"w4r6zk3w","leeps_5",0,48,600,"salience_market","FinalResults","2022-08-31 02:00:50.678216+00:00",1,NA,NA,11025,1,NA,1391,"{'A': 3, 'B': 3}","{'A': 3, 'B': 3}",791,597,1,"2022-08-31 02:27:57.368161+00:00",6,240,2,3,"2 2",1000,0,100,80,20,0.1,0.5,0.4,0,1,1,0,-1,8,"1iefx832",NA,NA,NA,NA,0,"A and B"
"46",6,"i8aoxvpo","leeps_4",0,48,600,"salience_market","FinalResults","2022-08-31 02:00:54.679748+00:00",1,NA,NA,11030,6,NA,1475,"{'A': 1, 'B': 0}","{'A': 0, 'B': 0}",1295,1050,1,"2022-08-31 02:27:57.368161+00:00",6,240,2,3,"2 2",1000,0,100,80,20,0.1,0.5,0.4,0,1,1,0,-1,8,"1iefx832",NA,NA,NA,NA,0,"A and B"
"47",7,"7r1iuu2s","leeps_6",0,48,600,"salience_market","FinalResults","2022-08-31 02:00:59.606920+00:00",1,NA,NA,10544,7,NA,1370,"{'A': 0, 'B': 0}","{'A': 0, 'B': 0}",1370,1204,1,"2022-08-31 02:27:57.368161+00:00",6,240,2,3,"2 2",1000,0,100,80,20,0.1,0.5,0.4,0,1,1,0,-1,8,"1iefx832",NA,NA,NA,NA,0,"A and B"
"48",8,"x8nr6xqz","leeps_8",0,48,600,"salience_market","FinalResults","2022-08-31 02:01:45.222358+00:00",1,NA,NA,11443,3,NA,1096,"{'A': 1, 'B': 5}","{'A': 1, 'B': 5}",816,816,1,"2022-08-31 02:27:57.368161+00:00",6,240,2,3,"2 2",1000,0,100,80,20,0.1,0.5,0.4,0,1,1,0,-1,8,"1iefx832",NA,NA,NA,NA,0,"A and B"
"49",1,"9yz398oh","leeps_2",0,48,600,"salience_market","FinalResults","2022-08-31 02:00:39.514315+00:00",1,NA,NA,11102,4,NA,1409,"{'A': 0, 'B': 2}","{'A': 0, 'B': 1}",1209,1209,1,"2022-08-31 02:32:20.723931+00:00",7,240,2,3,"2 2",1000,0,100,80,20,0.1,0.5,0.4,0,2,2,0,-1,8,"1iefx832",NA,NA,NA,NA,0,"A and B"
"50",2,"ja1kh7s3","leeps_3",0,48,600,"salience_market","FinalResults","2022-08-31 02:00:39.854936+00:00",1,NA,NA,11650,3,NA,1415,"{'A': 1, 'B': 0}","{'A': 0, 'B': 0}",1315,1315,1,"2022-08-31 02:32:20.723931+00:00",7,240,2,3,"2 2",1000,0,100,80,20,0.1,0.5,0.4,0,2,2,0,-1,8,"1iefx832",NA,NA,NA,NA,0,"A and B"
"51",3,"83manlr6","leeps_1",0,48,600,"salience_market","FinalResults","2022-08-31 02:00:43.789261+00:00",1,NA,NA,11276,1,NA,1385,"{'A': 4, 'B': 4}","{'A': 4, 'B': 4}",585,250,1,"2022-08-31 02:32:20.723931+00:00",7,240,2,3,"2 2",1000,0,100,80,20,0.1,0.5,0.4,0,2,2,0,-1,8,"1iefx832",NA,NA,NA,NA,0,"A and B"
"52",4,"ljjipv4s","leeps_7",0,48,600,"salience_market","FinalResults","2022-08-31 02:00:45.072481+00:00",1,NA,NA,11530,5,NA,1404,"{'A': 6, 'B': 0}","{'A': 4, 'B': 0}",804,604,1,"2022-08-31 02:32:20.723931+00:00",7,240,2,3,"2 2",1000,0,100,80,20,0.1,0.5,0.4,0,2,2,0,-1,8,"1iefx832",NA,NA,NA,NA,0,"A and B"
"53",5,"w4r6zk3w","leeps_5",0,48,600,"salience_market","FinalResults","2022-08-31 02:00:50.678216+00:00",1,NA,NA,11025,8,NA,1386,"{'A': 3, 'B': 3}","{'A': 3, 'B': 2}",786,696,1,"2022-08-31 02:32:20.723931+00:00",7,240,2,3,"2 2",1000,0,100,80,20,0.1,0.5,0.4,0,2,2,0,-1,8,"1iefx832",NA,NA,NA,NA,0,"A and B"
"54",6,"i8aoxvpo","leeps_4",0,48,600,"salience_market","FinalResults","2022-08-31 02:00:54.679748+00:00",1,NA,NA,11030,7,NA,1400,"{'A': 1, 'B': 1}","{'A': 0, 'B': 0}",1200,938,1,"2022-08-31 02:32:20.723931+00:00",7,240,2,3,"2 2",1000,0,100,80,20,0.1,0.5,0.4,0,2,2,0,-1,8,"1iefx832",NA,NA,NA,NA,0,"A and B"
"55",7,"7r1iuu2s","leeps_6",0,48,600,"salience_market","FinalResults","2022-08-31 02:00:59.606920+00:00",1,NA,NA,10544,6,NA,1393,"{'A': 0, 'B': 1}","{'A': 0, 'B': 0}",1293,1193,1,"2022-08-31 02:32:20.723931+00:00",7,240,2,3,"2 2",1000,0,100,80,20,0.1,0.5,0.4,0,2,2,0,-1,8,"1iefx832",NA,NA,NA,NA,0,"A and B"
"56",8,"x8nr6xqz","leeps_8",0,48,600,"salience_market","FinalResults","2022-08-31 02:01:45.222358+00:00",1,NA,NA,11443,2,NA,1408,"{'A': 1, 'B': 5}","{'A': 1, 'B': 5}",808,708,1,"2022-08-31 02:32:20.723931+00:00",7,240,2,3,"2 2",1000,0,100,80,20,0.1,0.5,0.4,0,2,2,0,-1,8,"1iefx832",NA,NA,NA,NA,0,"A and B"
"57",1,"9yz398oh","leeps_2",0,48,600,"salience_market","FinalResults","2022-08-31 02:00:39.514315+00:00",1,NA,NA,11102,1,NA,1425,"{'A': 1, 'B': 2}","{'A': 1, 'B': 1}",1105,1105,1,"2022-08-31 02:36:33.519179+00:00",8,240,2,3,"2 2",1000,0,100,80,20,0.1,0.5,0.4,0,3,3,0,2,8,"1iefx832",NA,NA,NA,NA,0,"A and B"
"58",2,"ja1kh7s3","leeps_3",0,48,600,"salience_market","FinalResults","2022-08-31 02:00:39.854936+00:00",1,NA,NA,11650,3,NA,1404,"{'A': 1, 'B': 0}","{'A': 1, 'B': 0}",1324,1324,1,"2022-08-31 02:36:33.519179+00:00",8,240,2,3,"2 2",1000,0,100,80,20,0.1,0.5,0.4,0,3,3,0,2,8,"1iefx832",NA,NA,NA,NA,0,"A and B"
"59",3,"83manlr6","leeps_1",0,48,600,"salience_market","FinalResults","2022-08-31 02:00:43.789261+00:00",1,NA,NA,11276,5,NA,1395,"{'A': 3, 'B': 4}","{'A': 3, 'B': 4}",675,360,1,"2022-08-31 02:36:33.519179+00:00",8,240,2,3,"2 2",1000,0,100,80,20,0.1,0.5,0.4,0,3,3,0,2,8,"1iefx832",NA,NA,NA,NA,0,"A and B"
"60",4,"ljjipv4s","leeps_7",0,48,600,"salience_market","FinalResults","2022-08-31 02:00:45.072481+00:00",1,NA,NA,11530,8,NA,1393,"{'A': 3, 'B': 3}","{'A': 2, 'B': 2}",793,516,1,"2022-08-31 02:36:33.519179+00:00",8,240,2,3,"2 2",1000,0,100,80,20,0.1,0.5,0.4,0,3,3,0,2,8,"1iefx832",NA,NA,NA,NA,0,"A and B"
"61",5,"w4r6zk3w","leeps_5",0,48,600,"salience_market","FinalResults","2022-08-31 02:00:50.678216+00:00",1,NA,NA,11025,4,NA,1383,"{'A': 3, 'B': 3}","{'A': 3, 'B': 2}",783,683,1,"2022-08-31 02:36:33.519179+00:00",8,240,2,3,"2 2",1000,0,100,80,20,0.1,0.5,0.4,0,3,3,0,2,8,"1iefx832",NA,NA,NA,NA,0,"A and B"
"62",6,"i8aoxvpo","leeps_4",0,48,600,"salience_market","FinalResults","2022-08-31 02:00:54.679748+00:00",1,NA,NA,11030,6,NA,1410,"{'A': 1, 'B': 1}","{'A': 0, 'B': 0}",1210,910,1,"2022-08-31 02:36:33.519179+00:00",8,240,2,3,"2 2",1000,0,100,80,20,0.1,0.5,0.4,0,3,3,0,2,8,"1iefx832",NA,NA,NA,NA,0,"A and B"
"63",7,"7r1iuu2s","leeps_6",0,48,600,"salience_market","FinalResults","2022-08-31 02:00:59.606920+00:00",1,NA,NA,10544,2,NA,1370,"{'A': 2, 'B': 0}","{'A': 1, 'B': 0}",1210,1005,1,"2022-08-31 02:36:33.519179+00:00",8,240,2,3,"2 2",1000,0,100,80,20,0.1,0.5,0.4,0,3,3,0,2,8,"1iefx832",NA,NA,NA,NA,0,"A and B"
"64",8,"x8nr6xqz","leeps_8",0,48,600,"salience_market","FinalResults","2022-08-31 02:01:45.222358+00:00",1,NA,NA,11443,7,NA,1420,"{'A': 2, 'B': 3}","{'A': 1, 'B': 3}",900,800,1,"2022-08-31 02:36:33.519179+00:00",8,240,2,3,"2 2",1000,0,100,80,20,0.1,0.5,0.4,0,3,3,0,2,8,"1iefx832",NA,NA,NA,NA,0,"A and B"
"65",1,"y0toi78l","leeps_6",0,48,600,"salience_market","FinalResults","2022-09-03 01:59:08.849080+00:00",1,NA,NA,11132,5,NA,1759,"{'A': 4, 'B': 0}","{'A': 3, 'B': 0}",1039,912,1,"2022-09-03 02:07:50.782389+00:00",1,240,2,2,"2 2",1000,1,100,80,20,0.2,0,0.8,0,1,1,0,-1,8,"dohz8amv",NA,NA,NA,NA,0,"A and B"
"66",2,"bixvhvud","leeps_8",0,48,600,"salience_market","FinalResults","2022-09-03 01:59:12.096038+00:00",1,NA,NA,11060,1,NA,1170,"{'A': 1, 'B': 4}","{'A': 0, 'B': 4}",910,910,1,"2022-09-03 02:07:50.782389+00:00",1,240,2,2,"2 2",1000,1,100,80,20,0.2,0,0.8,0,1,1,0,-1,8,"dohz8amv",NA,NA,NA,NA,0,"A and B"
"67",3,"xhmofnk9","leeps_7",0,48,600,"salience_market","FinalResults","2022-09-03 01:59:17.037553+00:00",1,NA,NA,11335,7,NA,1420,"{'A': 1, 'B': 1}","{'A': 1, 'B': 1}",1220,1170,1,"2022-09-03 02:07:50.782389+00:00",1,240,2,2,"2 2",1000,1,100,80,20,0.2,0,0.8,0,1,1,0,-1,8,"dohz8amv",NA,NA,NA,NA,0,"A and B"
"68",4,"r0fkpe3n","leeps_1",0,48,600,"salience_market","FinalResults","2022-09-03 01:59:25.201581+00:00",1,NA,NA,10698,2,NA,1515,"{'A': 2, 'B': 0}","{'A': 2, 'B': 0}",1155,1046,1,"2022-09-03 02:07:50.782389+00:00",1,240,2,2,"2 2",1000,1,100,80,20,0.2,0,0.8,0,1,1,0,-1,8,"dohz8amv",NA,NA,NA,NA,0,"A and B"
"69",5,"62nui3lo","leeps_2",0,48,600,"salience_market","FinalResults","2022-09-03 01:59:44.615647+00:00",1,NA,NA,12024,4,NA,1445,"{'A': 3, 'B': 3}","{'A': 3, 'B': 3}",845,845,1,"2022-09-03 02:07:50.782389+00:00",1,240,2,2,"2 2",1000,1,100,80,20,0.2,0,0.8,0,1,1,0,-1,8,"dohz8amv",NA,NA,NA,NA,0,"A and B"
"70",6,"1mmds1y8","leeps_5",0,48,600,"salience_market","FinalResults","2022-09-03 02:01:51.176754+00:00",1,NA,NA,11188,8,NA,1330,"{'A': 2, 'B': 3}","{'A': 2, 'B': 3}",910,860,1,"2022-09-03 02:07:50.782389+00:00",1,240,2,2,"2 2",1000,1,100,80,20,0.2,0,0.8,0,1,1,0,-1,8,"dohz8amv",NA,NA,NA,NA,0,"A and B"
"71",7,"l0a5c6pi","leeps_4",0,48,600,"salience_market","FinalResults","2022-09-03 02:02:25.776860+00:00",1,NA,NA,10789,6,NA,986,"{'A': 0, 'B': 4}","{'A': 0, 'B': 4}",906,906,1,"2022-09-03 02:07:50.782389+00:00",1,240,2,2,"2 2",1000,1,100,80,20,0.2,0,0.8,0,1,1,0,-1,8,"dohz8amv",NA,NA,NA,NA,0,"A and B"
"72",8,"7lt45fmp","leeps_3",0,48,600,"salience_market","FinalResults","2022-09-03 02:06:05.093246+00:00",1,NA,NA,11374,3,NA,1575,"{'A': 3, 'B': 1}","{'A': 2, 'B': 1}",1015,895,1,"2022-09-03 02:07:50.782389+00:00",1,240,2,2,"2 2",1000,1,100,80,20,0.2,0,0.8,0,1,1,0,-1,8,"dohz8amv",NA,NA,NA,NA,0,"A and B"
"73",1,"y0toi78l","leeps_6",0,48,600,"salience_market","FinalResults","2022-09-03 01:59:08.849080+00:00",1,NA,NA,11132,2,NA,1297,"{'A': 0, 'B': 0}","{'A': 0, 'B': 0}",1297,1237,1,"2022-09-03 02:12:13.179103+00:00",2,240,2,2,"2 2",1000,0,100,80,20,0.2,0,0.8,0,3,3,0,-1,8,"dohz8amv",NA,NA,NA,NA,0,"A and B"
"74",2,"bixvhvud","leeps_8",0,48,600,"salience_market","FinalResults","2022-09-03 01:59:12.096038+00:00",1,NA,NA,11060,8,NA,1460,"{'A': 1, 'B': 3}","{'A': 1, 'B': 2}",1020,840,1,"2022-09-03 02:12:13.179103+00:00",2,240,2,2,"2 2",1000,0,100,80,20,0.2,0,0.8,0,3,3,0,-1,8,"dohz8amv",NA,NA,NA,NA,0,"A and B"
"75",3,"xhmofnk9","leeps_7",0,48,600,"salience_market","FinalResults","2022-09-03 01:59:17.037553+00:00",1,NA,NA,11335,7,NA,1405,"{'A': 3, 'B': 2}","{'A': 3, 'B': 1}",925,875,1,"2022-09-03 02:12:13.179103+00:00",2,240,2,2,"2 2",1000,0,100,80,20,0.2,0,0.8,0,3,3,0,-1,8,"dohz8amv",NA,NA,NA,NA,0,"A and B"
"76",4,"r0fkpe3n","leeps_1",0,48,600,"salience_market","FinalResults","2022-09-03 01:59:25.201581+00:00",1,NA,NA,10698,3,NA,1255,"{'A': 2, 'B': 0}","{'A': 2, 'B': 0}",1095,1040,1,"2022-09-03 02:12:13.179103+00:00",2,240,2,2,"2 2",1000,0,100,80,20,0.2,0,0.8,0,3,3,0,-1,8,"dohz8amv",NA,NA,NA,NA,0,"A and B"
"77",5,"62nui3lo","leeps_2",0,48,600,"salience_market","FinalResults","2022-09-03 01:59:44.615647+00:00",1,NA,NA,12024,1,NA,1465,"{'A': 3, 'B': 3}","{'A': 2, 'B': 1}",865,675,1,"2022-09-03 02:12:13.179103+00:00",2,240,2,2,"2 2",1000,0,100,80,20,0.2,0,0.8,0,3,3,0,-1,8,"dohz8amv",NA,NA,NA,NA,0,"A and B"
"78",6,"1mmds1y8","leeps_5",0,48,600,"salience_market","FinalResults","2022-09-03 02:01:51.176754+00:00",1,NA,NA,11188,6,NA,1378,"{'A': 2, 'B': 1}","{'A': 1, 'B': 1}",1098,1038,1,"2022-09-03 02:12:13.179103+00:00",2,240,2,2,"2 2",1000,0,100,80,20,0.2,0,0.8,0,3,3,0,-1,8,"dohz8amv",NA,NA,NA,NA,0,"A and B"
"79",7,"l0a5c6pi","leeps_4",0,48,600,"salience_market","FinalResults","2022-09-03 02:02:25.776860+00:00",1,NA,NA,10789,5,NA,1445,"{'A': 3, 'B': 4}","{'A': 3, 'B': 4}",725,675,1,"2022-09-03 02:12:13.179103+00:00",2,240,2,2,"2 2",1000,0,100,80,20,0.2,0,0.8,0,3,3,0,-1,8,"dohz8amv",NA,NA,NA,NA,0,"A and B"
"80",8,"7lt45fmp","leeps_3",0,48,600,"salience_market","FinalResults","2022-09-03 02:06:05.093246+00:00",1,NA,NA,11374,4,NA,1495,"{'A': 2, 'B': 3}","{'A': 2, 'B': 2}",975,920,1,"2022-09-03 02:12:13.179103+00:00",2,240,2,2,"2 2",1000,0,100,80,20,0.2,0,0.8,0,3,3,0,-1,8,"dohz8amv",NA,NA,NA,NA,0,"A and B"
"81",1,"y0toi78l","leeps_6",0,48,600,"salience_market","FinalResults","2022-09-03 01:59:08.849080+00:00",1,NA,NA,11132,3,NA,1310,"{'A': 0, 'B': 0}","{'A': 0, 'B': 0}",1310,1212,1,"2022-09-03 02:16:35.345735+00:00",3,240,2,2,"2 2",1000,0,100,80,20,0.2,0,0.8,0,1,1,0,-1,8,"dohz8amv",NA,NA,NA,NA,0,"A and B"
"82",2,"bixvhvud","leeps_8",0,48,600,"salience_market","FinalResults","2022-09-03 01:59:12.096038+00:00",1,NA,NA,11060,1,NA,1450,"{'A': 3, 'B': 3}","{'A': 3, 'B': 2}",850,849,1,"2022-09-03 02:16:35.345735+00:00",3,240,2,2,"2 2",1000,0,100,80,20,0.2,0,0.8,0,1,1,0,-1,8,"dohz8amv",NA,NA,NA,NA,0,"A and B"
"83",3,"xhmofnk9","leeps_7",0,48,600,"salience_market","FinalResults","2022-09-03 01:59:17.037553+00:00",1,NA,NA,11335,8,NA,1505,"{'A': 3, 'B': 2}","{'A': 3, 'B': 1}",925,875,1,"2022-09-03 02:16:35.345735+00:00",3,240,2,2,"2 2",1000,0,100,80,20,0.2,0,0.8,0,1,1,0,-1,8,"dohz8amv",NA,NA,NA,NA,0,"A and B"
"84",4,"r0fkpe3n","leeps_1",0,48,600,"salience_market","FinalResults","2022-09-03 01:59:25.201581+00:00",1,NA,NA,10698,7,NA,1310,"{'A': 0, 'B': 0}","{'A': 0, 'B': 0}",1310,1170,1,"2022-09-03 02:16:35.345735+00:00",3,240,2,2,"2 2",1000,0,100,80,20,0.2,0,0.8,0,1,1,0,-1,8,"dohz8amv",NA,NA,NA,NA,0,"A and B"
"85",5,"62nui3lo","leeps_2",0,48,600,"salience_market","FinalResults","2022-09-03 01:59:44.615647+00:00",1,NA,NA,12024,4,NA,1585,"{'A': 3, 'B': 2}","{'A': 2, 'B': 2}",1005,655,1,"2022-09-03 02:16:35.345735+00:00",3,240,2,2,"2 2",1000,0,100,80,20,0.2,0,0.8,0,1,1,0,-1,8,"dohz8amv",NA,NA,NA,NA,0,"A and B"
"86",6,"1mmds1y8","leeps_5",0,48,600,"salience_market","FinalResults","2022-09-03 02:01:51.176754+00:00",1,NA,NA,11188,2,NA,1500,"{'A': 3, 'B': 2}","{'A': 2, 'B': 1}",920,845,1,"2022-09-03 02:16:35.345735+00:00",3,240,2,2,"2 2",1000,0,100,80,20,0.2,0,0.8,0,1,1,0,-1,8,"dohz8amv",NA,NA,NA,NA,0,"A and B"
"87",7,"l0a5c6pi","leeps_4",0,48,600,"salience_market","FinalResults","2022-09-03 02:02:25.776860+00:00",1,NA,NA,10789,5,NA,1090,"{'A': 2, 'B': 6}","{'A': 2, 'B': 6}",610,610,1,"2022-09-03 02:16:35.345735+00:00",3,240,2,2,"2 2",1000,0,100,80,20,0.2,0,0.8,0,1,1,0,-1,8,"dohz8amv",NA,NA,NA,NA,0,"A and B"
"88",8,"7lt45fmp","leeps_3",0,48,600,"salience_market","FinalResults","2022-09-03 02:06:05.093246+00:00",1,NA,NA,11374,6,NA,1450,"{'A': 2, 'B': 1}","{'A': 1, 'B': 1}",1070,1025,1,"2022-09-03 02:16:35.345735+00:00",3,240,2,2,"2 2",1000,0,100,80,20,0.2,0,0.8,0,1,1,0,-1,8,"dohz8amv",NA,NA,NA,NA,0,"A and B"
"89",1,"y0toi78l","leeps_6",0,48,600,"salience_market","FinalResults","2022-09-03 01:59:08.849080+00:00",1,NA,NA,11132,8,NA,1288,"{'A': 4, 'B': 0}","{'A': 3, 'B': 0}",968,781,1,"2022-09-03 02:20:58.269911+00:00",4,240,2,2,"2 2",1000,0,100,80,20,0.2,0,0.8,0,3,3,0,-1,8,"dohz8amv",NA,NA,NA,NA,0,"A and B"
"90",2,"bixvhvud","leeps_8",0,48,600,"salience_market","FinalResults","2022-09-03 01:59:12.096038+00:00",1,NA,NA,11060,2,NA,1420,"{'A': 2, 'B': 2}","{'A': 1, 'B': 2}",1020,1020,1,"2022-09-03 02:20:58.269911+00:00",4,240,2,2,"2 2",1000,0,100,80,20,0.2,0,0.8,0,3,3,0,-1,8,"dohz8amv",NA,NA,NA,NA,0,"A and B"
"91",3,"xhmofnk9","leeps_7",0,48,600,"salience_market","FinalResults","2022-09-03 01:59:17.037553+00:00",1,NA,NA,11335,3,NA,1400,"{'A': 2, 'B': 2}","{'A': 2, 'B': 1}",1000,871,1,"2022-09-03 02:20:58.269911+00:00",4,240,2,2,"2 2",1000,0,100,80,20,0.2,0,0.8,0,3,3,0,-1,8,"dohz8amv",NA,NA,NA,NA,0,"A and B"
"92",4,"r0fkpe3n","leeps_1",0,48,600,"salience_market","FinalResults","2022-09-03 01:59:25.201581+00:00",1,NA,NA,10698,6,NA,1357,"{'A': 0, 'B': 0}","{'A': 0, 'B': 0}",1357,1357,1,"2022-09-03 02:20:58.269911+00:00",4,240,2,2,"2 2",1000,0,100,80,20,0.2,0,0.8,0,3,3,0,-1,8,"dohz8amv",NA,NA,NA,NA,0,"A and B"
"93",5,"62nui3lo","leeps_2",0,48,600,"salience_market","FinalResults","2022-09-03 01:59:44.615647+00:00",1,NA,NA,12024,5,NA,1450,"{'A': 0, 'B': 2}","{'A': 0, 'B': 0}",1210,780,1,"2022-09-03 02:20:58.269911+00:00",4,240,2,2,"2 2",1000,0,100,80,20,0.2,0,0.8,0,3,3,0,-1,8,"dohz8amv",NA,NA,NA,NA,0,"A and B"
"94",6,"1mmds1y8","leeps_5",0,48,600,"salience_market","FinalResults","2022-09-03 02:01:51.176754+00:00",1,NA,NA,11188,1,NA,1355,"{'A': 3, 'B': 2}","{'A': 3, 'B': 2}",875,795,1,"2022-09-03 02:20:58.269911+00:00",4,240,2,2,"2 2",1000,0,100,80,20,0.2,0,0.8,0,3,3,0,-1,8,"dohz8amv",NA,NA,NA,NA,0,"A and B"
"95",7,"l0a5c6pi","leeps_4",0,48,600,"salience_market","FinalResults","2022-09-03 02:02:25.776860+00:00",1,NA,NA,10789,7,NA,1520,"{'A': 4, 'B': 7}","{'A': 4, 'B': 7}",360,360,1,"2022-09-03 02:20:58.269911+00:00",4,240,2,2,"2 2",1000,0,100,80,20,0.2,0,0.8,0,3,3,0,-1,8,"dohz8amv",NA,NA,NA,NA,0,"A and B"
"96",8,"7lt45fmp","leeps_3",0,48,600,"salience_market","FinalResults","2022-09-03 02:06:05.093246+00:00",1,NA,NA,11374,4,NA,1410,"{'A': 1, 'B': 1}","{'A': 1, 'B': 0}",1210,1210,1,"2022-09-03 02:20:58.269911+00:00",4,240,2,2,"2 2",1000,0,100,80,20,0.2,0,0.8,0,3,3,0,-1,8,"dohz8amv",NA,NA,NA,NA,0,"A and B"
"97",1,"y0toi78l","leeps_6",0,48,600,"salience_market","FinalResults","2022-09-03 01:59:08.849080+00:00",1,NA,NA,11132,4,NA,1358,"{'A': 2, 'B': 1}","{'A': 1, 'B': 1}",1078,1078,1,"2022-09-03 02:25:32.968380+00:00",5,240,2,2,"2 2",1000,0,100,80,20,0.2,0,0.8,0,3,3,0,-1,8,"dohz8amv",NA,NA,NA,NA,0,"A and B"
"98",2,"bixvhvud","leeps_8",0,48,600,"salience_market","FinalResults","2022-09-03 01:59:12.096038+00:00",1,NA,NA,11060,2,NA,1375,"{'A': 2, 'B': 1}","{'A': 2, 'B': 1}",1095,990,1,"2022-09-03 02:25:32.968380+00:00",5,240,2,2,"2 2",1000,0,100,80,20,0.2,0,0.8,0,3,3,0,-1,8,"dohz8amv",NA,NA,NA,NA,0,"A and B"
"99",3,"xhmofnk9","leeps_7",0,48,600,"salience_market","FinalResults","2022-09-03 01:59:17.037553+00:00",1,NA,NA,11335,3,NA,1405,"{'A': 3, 'B': 2}","{'A': 3, 'B': 1}",925,925,1,"2022-09-03 02:25:32.968380+00:00",5,240,2,2,"2 2",1000,0,100,80,20,0.2,0,0.8,0,3,3,0,-1,8,"dohz8amv",NA,NA,NA,NA,0,"A and B"
"100",4,"r0fkpe3n","leeps_1",0,48,600,"salience_market","FinalResults","2022-09-03 01:59:25.201581+00:00",1,NA,NA,10698,6,NA,1307,"{'A': 0, 'B': 0}","{'A': 0, 'B': 0}",1307,1157,1,"2022-09-03 02:25:32.968380+00:00",5,240,2,2,"2 2",1000,0,100,80,20,0.2,0,0.8,0,3,3,0,-1,8,"dohz8amv",NA,NA,NA,NA,0,"A and B"
"101",5,"62nui3lo","leeps_2",0,48,600,"salience_market","FinalResults","2022-09-03 01:59:44.615647+00:00",1,NA,NA,12024,1,NA,1555,"{'A': 0, 'B': 2}","{'A': 0, 'B': 1}",1315,810,1,"2022-09-03 02:25:32.968380+00:00",5,240,2,2,"2 2",1000,0,100,80,20,0.2,0,0.8,0,3,3,0,-1,8,"dohz8amv",NA,NA,NA,NA,0,"A and B"
"102",6,"1mmds1y8","leeps_5",0,48,600,"salience_market","FinalResults","2022-09-03 02:01:51.176754+00:00",1,NA,NA,11188,8,NA,1430,"{'A': 1, 'B': 2}","{'A': 1, 'B': 2}",1110,1110,1,"2022-09-03 02:25:32.968380+00:00",5,240,2,2,"2 2",1000,0,100,80,20,0.2,0,0.8,0,3,3,0,-1,8,"dohz8amv",NA,NA,NA,NA,0,"A and B"
"103",7,"l0a5c6pi","leeps_4",0,48,600,"salience_market","FinalResults","2022-09-03 02:02:25.776860+00:00",1,NA,NA,10789,7,NA,1418,"{'A': 6, 'B': 7}","{'A': 6, 'B': 7}",98,98,1,"2022-09-03 02:25:32.968380+00:00",5,240,2,2,"2 2",1000,0,100,80,20,0.2,0,0.8,0,3,3,0,-1,8,"dohz8amv",NA,NA,NA,NA,0,"A and B"
"104",8,"7lt45fmp","leeps_3",0,48,600,"salience_market","FinalResults","2022-09-03 02:06:05.093246+00:00",1,NA,NA,11374,5,NA,1352,"{'A': 2, 'B': 1}","{'A': 1, 'B': 0}",1072,1072,1,"2022-09-03 02:25:32.968380+00:00",5,240,2,2,"2 2",1000,0,100,80,20,0.2,0,0.8,0,3,3,0,-1,8,"dohz8amv",NA,NA,NA,NA,0,"A and B"
"105",1,"y0toi78l","leeps_6",0,48,600,"salience_market","FinalResults","2022-09-03 01:59:08.849080+00:00",1,NA,NA,11132,8,NA,1383,"{'A': 0, 'B': 0}","{'A': 0, 'B': 0}",1383,1328,1,"2022-09-03 02:29:53.182423+00:00",6,240,2,2,"2 2",1000,0,100,80,20,0.2,0,0.8,0,3,3,0,-1,8,"dohz8amv",NA,NA,NA,NA,0,"A and B"
"106",2,"bixvhvud","leeps_8",0,48,600,"salience_market","FinalResults","2022-09-03 01:59:12.096038+00:00",1,NA,NA,11060,7,NA,1395,"{'A': 3, 'B': 2}","{'A': 3, 'B': 2}",915,915,1,"2022-09-03 02:29:53.182423+00:00",6,240,2,2,"2 2",1000,0,100,80,20,0.2,0,0.8,0,3,3,0,-1,8,"dohz8amv",NA,NA,NA,NA,0,"A and B"
"107",3,"xhmofnk9","leeps_7",0,48,600,"salience_market","FinalResults","2022-09-03 01:59:17.037553+00:00",1,NA,NA,11335,5,NA,1400,"{'A': 2, 'B': 2}","{'A': 2, 'B': 1}",1000,925,1,"2022-09-03 02:29:53.182423+00:00",6,240,2,2,"2 2",1000,0,100,80,20,0.2,0,0.8,0,3,3,0,-1,8,"dohz8amv",NA,NA,NA,NA,0,"A and B"
"108",4,"r0fkpe3n","leeps_1",0,48,600,"salience_market","FinalResults","2022-09-03 01:59:25.201581+00:00",1,NA,NA,10698,3,NA,1303,"{'A': 0, 'B': 0}","{'A': 0, 'B': 0}",1303,1138,1,"2022-09-03 02:29:53.182423+00:00",6,240,2,2,"2 2",1000,0,100,80,20,0.2,0,0.8,0,3,3,0,-1,8,"dohz8amv",NA,NA,NA,NA,0,"A and B"
"109",5,"62nui3lo","leeps_2",0,48,600,"salience_market","FinalResults","2022-09-03 01:59:44.615647+00:00",1,NA,NA,12024,1,NA,1505,"{'A': 1, 'B': 1}","{'A': 0, 'B': 0}",1305,875,1,"2022-09-03 02:29:53.182423+00:00",6,240,2,2,"2 2",1000,0,100,80,20,0.2,0,0.8,0,3,3,0,-1,8,"dohz8amv",NA,NA,NA,NA,0,"A and B"
"110",6,"1mmds1y8","leeps_5",0,48,600,"salience_market","FinalResults","2022-09-03 02:01:51.176754+00:00",1,NA,NA,11188,6,NA,1370,"{'A': 3, 'B': 1}","{'A': 2, 'B': 1}",1010,905,1,"2022-09-03 02:29:53.182423+00:00",6,240,2,2,"2 2",1000,0,100,80,20,0.2,0,0.8,0,3,3,0,-1,8,"dohz8amv",NA,NA,NA,NA,0,"A and B"
"111",7,"l0a5c6pi","leeps_4",0,48,600,"salience_market","FinalResults","2022-09-03 02:02:25.776860+00:00",1,NA,NA,10789,2,NA,1462,"{'A': 5, 'B': 8}","{'A': 5, 'B': 8}",102,102,1,"2022-09-03 02:29:53.182423+00:00",6,240,2,2,"2 2",1000,0,100,80,20,0.2,0,0.8,0,3,3,0,-1,8,"dohz8amv",NA,NA,NA,NA,0,"A and B"
"112",8,"7lt45fmp","leeps_3",0,48,600,"salience_market","FinalResults","2022-09-03 02:06:05.093246+00:00",1,NA,NA,11374,4,NA,1382,"{'A': 2, 'B': 2}","{'A': 1, 'B': 1}",982,982,1,"2022-09-03 02:29:53.182423+00:00",6,240,2,2,"2 2",1000,0,100,80,20,0.2,0,0.8,0,3,3,0,-1,8,"dohz8amv",NA,NA,NA,NA,0,"A and B"
"113",1,"y0toi78l","leeps_6",0,48,600,"salience_market","FinalResults","2022-09-03 01:59:08.849080+00:00",1,NA,NA,11132,2,NA,1369,"{'A': 1, 'B': 0}","{'A': 0, 'B': 0}",1289,1179,1,"2022-09-03 02:34:16.445296+00:00",7,240,2,2,"2 2",1000,0,100,80,20,0.2,0,0.8,0,3,3,0,-1,8,"dohz8amv",NA,NA,NA,NA,0,"A and B"
"114",2,"bixvhvud","leeps_8",0,48,600,"salience_market","FinalResults","2022-09-03 01:59:12.096038+00:00",1,NA,NA,11060,3,NA,1425,"{'A': 2, 'B': 2}","{'A': 2, 'B': 1}",1025,1025,1,"2022-09-03 02:34:16.445296+00:00",7,240,2,2,"2 2",1000,0,100,80,20,0.2,0,0.8,0,3,3,0,-1,8,"dohz8amv",NA,NA,NA,NA,0,"A and B"
"115",3,"xhmofnk9","leeps_7",0,48,600,"salience_market","FinalResults","2022-09-03 01:59:17.037553+00:00",1,NA,NA,11335,5,NA,1400,"{'A': 2, 'B': 2}","{'A': 2, 'B': 1}",1000,925,1,"2022-09-03 02:34:16.445296+00:00",7,240,2,2,"2 2",1000,0,100,80,20,0.2,0,0.8,0,3,3,0,-1,8,"dohz8amv",NA,NA,NA,NA,0,"A and B"
"116",4,"r0fkpe3n","leeps_1",0,48,600,"salience_market","FinalResults","2022-09-03 01:59:25.201581+00:00",1,NA,NA,10698,4,NA,1331,"{'A': 0, 'B': 0}","{'A': 0, 'B': 0}",1331,1236,1,"2022-09-03 02:34:16.445296+00:00",7,240,2,2,"2 2",1000,0,100,80,20,0.2,0,0.8,0,3,3,0,-1,8,"dohz8amv",NA,NA,NA,NA,0,"A and B"
"117",5,"62nui3lo","leeps_2",0,48,600,"salience_market","FinalResults","2022-09-03 01:59:44.615647+00:00",1,NA,NA,12024,6,NA,1505,"{'A': 1, 'B': 2}","{'A': 0, 'B': 2}",1185,123,1,"2022-09-03 02:34:16.445296+00:00",7,240,2,2,"2 2",1000,0,100,80,20,0.2,0,0.8,0,3,3,0,-1,8,"dohz8amv",NA,NA,NA,NA,0,"A and B"
"118",6,"1mmds1y8","leeps_5",0,48,600,"salience_market","FinalResults","2022-09-03 02:01:51.176754+00:00",1,NA,NA,11188,7,NA,1425,"{'A': 2, 'B': 2}","{'A': 1, 'B': 1}",1025,1025,1,"2022-09-03 02:34:16.445296+00:00",7,240,2,2,"2 2",1000,0,100,80,20,0.2,0,0.8,0,3,3,0,-1,8,"dohz8amv",NA,NA,NA,NA,0,"A and B"
"119",7,"l0a5c6pi","leeps_4",0,48,600,"salience_market","FinalResults","2022-09-03 02:02:25.776860+00:00",1,NA,NA,10789,1,NA,1380,"{'A': 6, 'B': 7}","{'A': 6, 'B': 7}",60,60,1,"2022-09-03 02:34:16.445296+00:00",7,240,2,2,"2 2",1000,0,100,80,20,0.2,0,0.8,0,3,3,0,-1,8,"dohz8amv",NA,NA,NA,NA,0,"A and B"
"120",8,"7lt45fmp","leeps_3",0,48,600,"salience_market","FinalResults","2022-09-03 02:06:05.093246+00:00",1,NA,NA,11374,8,NA,1365,"{'A': 2, 'B': 1}","{'A': 1, 'B': 0}",1085,925,1,"2022-09-03 02:34:16.445296+00:00",7,240,2,2,"2 2",1000,0,100,80,20,0.2,0,0.8,0,3,3,0,-1,8,"dohz8amv",NA,NA,NA,NA,0,"A and B"
"121",1,"y0toi78l","leeps_6",0,48,600,"salience_market","FinalResults","2022-09-03 01:59:08.849080+00:00",1,NA,NA,11132,2,NA,1368,"{'A': 0, 'B': 0}","{'A': 0, 'B': 0}",1368,1368,1,"2022-09-03 02:38:41.907513+00:00",8,240,2,2,"2 2",1000,0,100,80,20,0.2,0,0.8,0,3,3,0,5,8,"dohz8amv",NA,NA,NA,NA,0,"A and B"
"122",2,"bixvhvud","leeps_8",0,48,600,"salience_market","FinalResults","2022-09-03 01:59:12.096038+00:00",1,NA,NA,11060,1,NA,1365,"{'A': 4, 'B': 2}","{'A': 2, 'B': 2}",805,725,1,"2022-09-03 02:38:41.907513+00:00",8,240,2,2,"2 2",1000,0,100,80,20,0.2,0,0.8,0,3,3,0,5,8,"dohz8amv",NA,NA,NA,NA,0,"A and B"
"123",3,"xhmofnk9","leeps_7",0,48,600,"salience_market","FinalResults","2022-09-03 01:59:17.037553+00:00",1,NA,NA,11335,7,NA,1400,"{'A': 2, 'B': 2}","{'A': 2, 'B': 1}",1000,925,1,"2022-09-03 02:38:41.907513+00:00",8,240,2,2,"2 2",1000,0,100,80,20,0.2,0,0.8,0,3,3,0,5,8,"dohz8amv",NA,NA,NA,NA,0,"A and B"
"124",4,"r0fkpe3n","leeps_1",0,48,600,"salience_market","FinalResults","2022-09-03 01:59:25.201581+00:00",1,NA,NA,10698,3,NA,1320,"{'A': 0, 'B': 0}","{'A': 0, 'B': 0}",1320,1134,1,"2022-09-03 02:38:41.907513+00:00",8,240,2,2,"2 2",1000,0,100,80,20,0.2,0,0.8,0,3,3,0,5,8,"dohz8amv",NA,NA,NA,NA,0,"A and B"
"125",5,"62nui3lo","leeps_2",0,48,600,"salience_market","FinalResults","2022-09-03 01:59:44.615647+00:00",1,NA,NA,12024,8,NA,1514,"{'A': 0, 'B': 2}","{'A': 0, 'B': 0}",1274,183,1,"2022-09-03 02:38:41.907513+00:00",8,240,2,2,"2 2",1000,0,100,80,20,0.2,0,0.8,0,3,3,0,5,8,"dohz8amv",NA,NA,NA,NA,0,"A and B"
"126",6,"1mmds1y8","leeps_5",0,48,600,"salience_market","FinalResults","2022-09-03 02:01:51.176754+00:00",1,NA,NA,11188,6,NA,1400,"{'A': 1, 'B': 1}","{'A': 1, 'B': 1}",1200,1200,1,"2022-09-03 02:38:41.907513+00:00",8,240,2,2,"2 2",1000,0,100,80,20,0.2,0,0.8,0,3,3,0,5,8,"dohz8amv",NA,NA,NA,NA,0,"A and B"
"127",7,"l0a5c6pi","leeps_4",0,48,600,"salience_market","FinalResults","2022-09-03 02:02:25.776860+00:00",1,NA,NA,10789,4,NA,1488,"{'A': 5, 'B': 9}","{'A': 5, 'B': 9}",8,8,1,"2022-09-03 02:38:41.907513+00:00",8,240,2,2,"2 2",1000,0,100,80,20,0.2,0,0.8,0,3,3,0,5,8,"dohz8amv",NA,NA,NA,NA,0,"A and B"
"128",8,"7lt45fmp","leeps_3",0,48,600,"salience_market","FinalResults","2022-09-03 02:06:05.093246+00:00",1,NA,NA,11374,5,NA,1345,"{'A': 4, 'B': 0}","{'A': 3, 'B': 0}",1025,925,1,"2022-09-03 02:38:41.907513+00:00",8,240,2,2,"2 2",1000,0,100,80,20,0.2,0,0.8,0,3,3,0,5,8,"dohz8amv",NA,NA,NA,NA,0,"A and B"
"129",1,"m9ut51re","leeps_1",0,48,600,"salience_market","FinalResults","2022-10-18 02:09:27.569897+00:00",1,NA,NA,10133,3,NA,1531,"{'A': 1, 'B': 0}","{'A': 1, 'B': 0}",1351,1167,1,"2022-10-18 02:12:24.656030+00:00",1,240,2,2,"4 0",1000,1,100,80,20,0.2,0,0.8,0,1,1,0,-1,8,"hpztpj4r",NA,NA,NA,NA,0,"only A"
"130",2,"6xmbi1s0","leeps_5",0,48,600,"salience_market","FinalResults","2022-10-18 02:09:33.110512+00:00",1,NA,NA,11985,5,NA,1610,"{'A': 2, 'B': 0}","{'A': 0, 'B': 0}",1250,1150,1,"2022-10-18 02:12:24.656030+00:00",1,240,2,2,"4 0",1000,1,100,80,20,0.2,0,0.8,0,1,1,0,-1,8,"hpztpj4r",NA,NA,NA,NA,0,"only A"
"131",3,"g3qysc84","leeps_4",0,48,600,"salience_market","FinalResults","2022-10-18 02:09:53.164703+00:00",1,NA,NA,11161,7,NA,1720,"{'A': 4, 'B': 0}","{'A': 4, 'B': 0}",1000,664,1,"2022-10-18 02:12:24.656030+00:00",1,240,2,2,"4 0",1000,1,100,80,20,0.2,0,0.8,0,1,1,0,-1,8,"hpztpj4r",NA,NA,NA,NA,0,"only A"
"132",4,"oib9lssj","leeps_3",0,48,600,"salience_market","FinalResults","2022-10-18 02:10:03.429703+00:00",1,NA,NA,9899,4,NA,1850,"{'A': 6, 'B': 0}","{'A': 1, 'B': 0}",770,535,1,"2022-10-18 02:12:24.656030+00:00",1,240,2,2,"4 0",1000,1,100,80,20,0.2,0,0.8,0,1,1,0,-1,8,"hpztpj4r",NA,NA,NA,NA,0,"only A"
"133",5,"uci0pssa","leeps_6",0,48,600,"salience_market","FinalResults","2022-10-18 02:10:34.847293+00:00",1,NA,NA,12796,2,NA,1929,"{'A': 8, 'B': 0}","{'A': 4, 'B': 0}",489,233,1,"2022-10-18 02:12:24.656030+00:00",1,240,2,2,"4 0",1000,1,100,80,20,0.2,0,0.8,0,1,1,0,-1,8,"hpztpj4r",NA,NA,NA,NA,0,"only A"
"134",6,"23rhtx06","leeps_2",0,48,600,"salience_market","FinalResults","2022-10-18 02:10:56.974669+00:00",1,NA,NA,11301,8,NA,1720,"{'A': 4, 'B': 0}","{'A': 3, 'B': 0}",1000,1000,1,"2022-10-18 02:12:24.656030+00:00",1,240,2,2,"4 0",1000,1,100,80,20,0.2,0,0.8,0,1,1,0,-1,8,"hpztpj4r",NA,NA,NA,NA,0,"only A"
"135",7,"zq0k8g81","leeps_7",0,48,600,"salience_market","FinalResults","2022-10-18 02:11:19.880501+00:00",1,NA,NA,10927,6,NA,1720,"{'A': 4, 'B': 0}","{'A': 4, 'B': 0}",1000,2,1,"2022-10-18 02:12:24.656030+00:00",1,240,2,2,"4 0",1000,1,100,80,20,0.2,0,0.8,0,1,1,0,-1,8,"hpztpj4r",NA,NA,NA,NA,0,"only A"
"136",8,"de09607i","leeps_8",0,48,600,"salience_market","FinalResults","2022-10-18 02:11:42.165909+00:00",1,NA,NA,11398,1,NA,1680,"{'A': 3, 'B': 0}","{'A': 2, 'B': 0}",1140,835,1,"2022-10-18 02:12:24.656030+00:00",1,240,2,2,"4 0",1000,1,100,80,20,0.2,0,0.8,0,1,1,0,-1,8,"hpztpj4r",NA,NA,NA,NA,0,"only A"
"137",1,"m9ut51re","leeps_1",0,48,600,"salience_market","FinalResults","2022-10-18 02:09:27.569897+00:00",1,NA,NA,10133,6,NA,490,"{'A': 0, 'B': 10}","{'A': 0, 'B': 9}",290,290,1,"2022-10-18 02:16:47.858999+00:00",2,240,2,2,"0 4",1000,1,100,80,20,0.2,0,0.8,0,1,1,0,-1,8,"hpztpj4r",NA,NA,NA,NA,0,"only B"
"138",2,"6xmbi1s0","leeps_5",0,48,600,"salience_market","FinalResults","2022-10-18 02:09:33.110512+00:00",1,NA,NA,11985,1,NA,1460,"{'A': 0, 'B': 0}","{'A': 0, 'B': 0}",1460,1280,1,"2022-10-18 02:16:47.858999+00:00",2,240,2,2,"0 4",1000,1,100,80,20,0.2,0,0.8,0,1,1,0,-1,8,"hpztpj4r",NA,NA,NA,NA,0,"only B"
"139",3,"g3qysc84","leeps_4",0,48,600,"salience_market","FinalResults","2022-10-18 02:09:53.164703+00:00",1,NA,NA,11161,8,NA,1080,"{'A': 0, 'B': 4}","{'A': 0, 'B': 4}",1000,839,1,"2022-10-18 02:16:47.858999+00:00",2,240,2,2,"0 4",1000,1,100,80,20,0.2,0,0.8,0,1,1,0,-1,8,"hpztpj4r",NA,NA,NA,NA,0,"only B"
"140",4,"oib9lssj","leeps_3",0,48,600,"salience_market","FinalResults","2022-10-18 02:10:03.429703+00:00",1,NA,NA,9899,4,NA,456,"{'A': 0, 'B': 10}","{'A': 0, 'B': 7}",256,256,1,"2022-10-18 02:16:47.858999+00:00",2,240,2,2,"0 4",1000,1,100,80,20,0.2,0,0.8,0,1,1,0,-1,8,"hpztpj4r",NA,NA,NA,NA,0,"only B"
"141",5,"uci0pssa","leeps_6",0,48,600,"salience_market","FinalResults","2022-10-18 02:10:34.847293+00:00",1,NA,NA,12796,7,NA,1465,"{'A': 0, 'B': 0}","{'A': 0, 'B': 0}",1465,1375,1,"2022-10-18 02:16:47.858999+00:00",2,240,2,2,"0 4",1000,1,100,80,20,0.2,0,0.8,0,1,1,0,-1,8,"hpztpj4r",NA,NA,NA,NA,0,"only B"
"142",6,"23rhtx06","leeps_2",0,48,600,"salience_market","FinalResults","2022-10-18 02:10:56.974669+00:00",1,NA,NA,11301,3,NA,1364,"{'A': 0, 'B': 1}","{'A': 0, 'B': 0}",1344,1344,1,"2022-10-18 02:16:47.858999+00:00",2,240,2,2,"0 4",1000,1,100,80,20,0.2,0,0.8,0,1,1,0,-1,8,"hpztpj4r",NA,NA,NA,NA,0,"only B"
"143",7,"zq0k8g81","leeps_7",0,48,600,"salience_market","FinalResults","2022-10-18 02:11:19.880501+00:00",1,NA,NA,10927,2,NA,910,"{'A': 0, 'B': 6}","{'A': 0, 'B': 0}",790,703,1,"2022-10-18 02:16:47.858999+00:00",2,240,2,2,"0 4",1000,1,100,80,20,0.2,0,0.8,0,1,1,0,-1,8,"hpztpj4r",NA,NA,NA,NA,0,"only B"
"144",8,"de09607i","leeps_8",0,48,600,"salience_market","FinalResults","2022-10-18 02:11:42.165909+00:00",1,NA,NA,11398,5,NA,1415,"{'A': 0, 'B': 1}","{'A': 0, 'B': 0}",1395,1235,1,"2022-10-18 02:16:47.858999+00:00",2,240,2,2,"0 4",1000,1,100,80,20,0.2,0,0.8,0,1,1,0,-1,8,"hpztpj4r",NA,NA,NA,NA,0,"only B"
"145",1,"m9ut51re","leeps_1",0,48,600,"salience_market","FinalResults","2022-10-18 02:09:27.569897+00:00",1,NA,NA,10133,4,NA,895,"{'A': 0, 'B': 6}","{'A': 0, 'B': 5}",775,775,1,"2022-10-18 02:21:11.477533+00:00",3,240,2,2,"0 4",1000,0,100,80,20,0.2,0,0.8,0,1,1,0,-1,8,"hpztpj4r",NA,NA,NA,NA,0,"only B"
"146",2,"6xmbi1s0","leeps_5",0,48,600,"salience_market","FinalResults","2022-10-18 02:09:33.110512+00:00",1,NA,NA,11985,5,NA,1500,"{'A': 0, 'B': 0}","{'A': 0, 'B': 0}",1500,1060,1,"2022-10-18 02:21:11.477533+00:00",3,240,2,2,"0 4",1000,0,100,80,20,0.2,0,0.8,0,1,1,0,-1,8,"hpztpj4r",NA,NA,NA,NA,0,"only B"
"147",3,"g3qysc84","leeps_4",0,48,600,"salience_market","FinalResults","2022-10-18 02:09:53.164703+00:00",1,NA,NA,11161,8,NA,1080,"{'A': 0, 'B': 4}","{'A': 0, 'B': 4}",1000,823,1,"2022-10-18 02:21:11.477533+00:00",3,240,2,2,"0 4",1000,0,100,80,20,0.2,0,0.8,0,1,1,0,-1,8,"hpztpj4r",NA,NA,NA,NA,0,"only B"
"148",4,"oib9lssj","leeps_3",0,48,600,"salience_market","FinalResults","2022-10-18 02:10:03.429703+00:00",1,NA,NA,9899,6,NA,811,"{'A': 0, 'B': 7}","{'A': 0, 'B': 4}",671,671,1,"2022-10-18 02:21:11.477533+00:00",3,240,2,2,"0 4",1000,0,100,80,20,0.2,0,0.8,0,1,1,0,-1,8,"hpztpj4r",NA,NA,NA,NA,0,"only B"
"149",5,"uci0pssa","leeps_6",0,48,600,"salience_market","FinalResults","2022-10-18 02:10:34.847293+00:00",1,NA,NA,12796,2,NA,1375,"{'A': 0, 'B': 0}","{'A': 0, 'B': 0}",1375,1375,1,"2022-10-18 02:21:11.477533+00:00",3,240,2,2,"0 4",1000,0,100,80,20,0.2,0,0.8,0,1,1,0,-1,8,"hpztpj4r",NA,NA,NA,NA,0,"only B"
"150",6,"23rhtx06","leeps_2",0,48,600,"salience_market","FinalResults","2022-10-18 02:10:56.974669+00:00",1,NA,NA,11301,3,NA,753,"{'A': 0, 'B': 8}","{'A': 0, 'B': 8}",593,38,1,"2022-10-18 02:21:11.477533+00:00",3,240,2,2,"0 4",1000,0,100,80,20,0.2,0,0.8,0,1,1,0,-1,8,"hpztpj4r",NA,NA,NA,NA,0,"only B"
"151",7,"zq0k8g81","leeps_7",0,48,600,"salience_market","FinalResults","2022-10-18 02:11:19.880501+00:00",1,NA,NA,10927,7,NA,991,"{'A': 0, 'B': 5}","{'A': 0, 'B': 0}",891,546,1,"2022-10-18 02:21:11.477533+00:00",3,240,2,2,"0 4",1000,0,100,80,20,0.2,0,0.8,0,1,1,0,-1,8,"hpztpj4r",NA,NA,NA,NA,0,"only B"
"152",8,"de09607i","leeps_8",0,48,600,"salience_market","FinalResults","2022-10-18 02:11:42.165909+00:00",1,NA,NA,11398,1,NA,1235,"{'A': 0, 'B': 2}","{'A': 0, 'B': 0}",1195,1195,1,"2022-10-18 02:21:11.477533+00:00",3,240,2,2,"0 4",1000,0,100,80,20,0.2,0,0.8,0,1,1,0,-1,8,"hpztpj4r",NA,NA,NA,NA,0,"only B"
"153",1,"m9ut51re","leeps_1",0,48,600,"salience_market","FinalResults","2022-10-18 02:09:27.569897+00:00",1,NA,NA,10133,8,NA,996,"{'A': 10, 'B': 0}","{'A': 4, 'B': 0}",196,196,1,"2022-10-18 02:25:34.198939+00:00",4,240,2,2,"4 0",1000,0,100,80,20,0.2,0,0.8,0,3,3,0,-1,8,"hpztpj4r",NA,NA,NA,NA,0,"only A"
"154",2,"6xmbi1s0","leeps_5",0,48,600,"salience_market","FinalResults","2022-10-18 02:09:33.110512+00:00",1,NA,NA,11985,1,NA,1480,"{'A': 1, 'B': 0}","{'A': 0, 'B': 0}",1400,1100,1,"2022-10-18 02:25:34.198939+00:00",4,240,2,2,"4 0",1000,0,100,80,20,0.2,0,0.8,0,3,3,0,-1,8,"hpztpj4r",NA,NA,NA,NA,0,"only A"
"155",3,"g3qysc84","leeps_4",0,48,600,"salience_market","FinalResults","2022-10-18 02:09:53.164703+00:00",1,NA,NA,11161,7,NA,1320,"{'A': 4, 'B': 0}","{'A': 2, 'B': 0}",1000,898,1,"2022-10-18 02:25:34.198939+00:00",4,240,2,2,"4 0",1000,0,100,80,20,0.2,0,0.8,0,3,3,0,-1,8,"hpztpj4r",NA,NA,NA,NA,0,"only A"
"156",4,"oib9lssj","leeps_3",0,48,600,"salience_market","FinalResults","2022-10-18 02:10:03.429703+00:00",1,NA,NA,9899,6,NA,1132,"{'A': 8, 'B': 0}","{'A': 6, 'B': 0}",492,492,1,"2022-10-18 02:25:34.198939+00:00",4,240,2,2,"4 0",1000,0,100,80,20,0.2,0,0.8,0,3,3,0,-1,8,"hpztpj4r",NA,NA,NA,NA,0,"only A"
"157",5,"uci0pssa","leeps_6",0,48,600,"salience_market","FinalResults","2022-10-18 02:10:34.847293+00:00",1,NA,NA,12796,5,NA,1402,"{'A': 2, 'B': 0}","{'A': 0, 'B': 0}",1242,1242,1,"2022-10-18 02:25:34.198939+00:00",4,240,2,2,"4 0",1000,0,100,80,20,0.2,0,0.8,0,3,3,0,-1,8,"hpztpj4r",NA,NA,NA,NA,0,"only A"
"158",6,"23rhtx06","leeps_2",0,48,600,"salience_market","FinalResults","2022-10-18 02:10:56.974669+00:00",1,NA,NA,11301,3,NA,1510,"{'A': 0, 'B': 0}","{'A': 0, 'B': 0}",1510,1510,1,"2022-10-18 02:25:34.198939+00:00",4,240,2,2,"4 0",1000,0,100,80,20,0.2,0,0.8,0,3,3,0,-1,8,"hpztpj4r",NA,NA,NA,NA,0,"only A"
"159",7,"zq0k8g81","leeps_7",0,48,600,"salience_market","FinalResults","2022-10-18 02:11:19.880501+00:00",1,NA,NA,10927,2,NA,1340,"{'A': 4, 'B': 0}","{'A': 0, 'B': 0}",1020,547,1,"2022-10-18 02:25:34.198939+00:00",4,240,2,2,"4 0",1000,0,100,80,20,0.2,0,0.8,0,3,3,0,-1,8,"hpztpj4r",NA,NA,NA,NA,0,"only A"
"160",8,"de09607i","leeps_8",0,48,600,"salience_market","FinalResults","2022-10-18 02:11:42.165909+00:00",1,NA,NA,11398,4,NA,1380,"{'A': 3, 'B': 0}","{'A': 1, 'B': 0}",1140,925,1,"2022-10-18 02:25:34.198939+00:00",4,240,2,2,"4 0",1000,0,100,80,20,0.2,0,0.8,0,3,3,0,-1,8,"hpztpj4r",NA,NA,NA,NA,0,"only A"
"161",1,"m9ut51re","leeps_1",0,48,600,"salience_market","FinalResults","2022-10-18 02:09:27.569897+00:00",1,NA,NA,10133,8,NA,1012,"{'A': 11, 'B': 0}","{'A': 8, 'B': 0}",132,22,1,"2022-10-18 02:29:56.704531+00:00",5,240,2,2,"4 0",1000,0,100,80,20,0.2,0,0.8,0,3,3,0,-1,8,"hpztpj4r",NA,NA,NA,NA,0,"only A"
"162",2,"6xmbi1s0","leeps_5",0,48,600,"salience_market","FinalResults","2022-10-18 02:09:33.110512+00:00",1,NA,NA,11985,4,NA,1480,"{'A': 0, 'B': 0}","{'A': 0, 'B': 0}",1480,1480,1,"2022-10-18 02:29:56.704531+00:00",5,240,2,2,"4 0",1000,0,100,80,20,0.2,0,0.8,0,3,3,0,-1,8,"hpztpj4r",NA,NA,NA,NA,0,"only A"
"163",3,"g3qysc84","leeps_4",0,48,600,"salience_market","FinalResults","2022-10-18 02:09:53.164703+00:00",1,NA,NA,11161,5,NA,1412,"{'A': 2, 'B': 0}","{'A': 0, 'B': 0}",1252,1175,1,"2022-10-18 02:29:56.704531+00:00",5,240,2,2,"4 0",1000,0,100,80,20,0.2,0,0.8,0,3,3,0,-1,8,"hpztpj4r",NA,NA,NA,NA,0,"only A"
"164",4,"oib9lssj","leeps_3",0,48,600,"salience_market","FinalResults","2022-10-18 02:10:03.429703+00:00",1,NA,NA,9899,6,NA,1094,"{'A': 9, 'B': 0}","{'A': 7, 'B': 0}",374,374,1,"2022-10-18 02:29:56.704531+00:00",5,240,2,2,"4 0",1000,0,100,80,20,0.2,0,0.8,0,3,3,0,-1,8,"hpztpj4r",NA,NA,NA,NA,0,"only A"
"165",5,"uci0pssa","leeps_6",0,48,600,"salience_market","FinalResults","2022-10-18 02:10:34.847293+00:00",1,NA,NA,12796,3,NA,1431,"{'A': 1, 'B': 0}","{'A': 1, 'B': 0}",1351,1260,1,"2022-10-18 02:29:56.704531+00:00",5,240,2,2,"4 0",1000,0,100,80,20,0.2,0,0.8,0,3,3,0,-1,8,"hpztpj4r",NA,NA,NA,NA,0,"only A"
"166",6,"23rhtx06","leeps_2",0,48,600,"salience_market","FinalResults","2022-10-18 02:10:56.974669+00:00",1,NA,NA,11301,2,NA,1516,"{'A': 0, 'B': 0}","{'A': 0, 'B': 0}",1516,1516,1,"2022-10-18 02:29:56.704531+00:00",5,240,2,2,"4 0",1000,0,100,80,20,0.2,0,0.8,0,3,3,0,-1,8,"hpztpj4r",NA,NA,NA,NA,0,"only A"
"167",7,"zq0k8g81","leeps_7",0,48,600,"salience_market","FinalResults","2022-10-18 02:11:19.880501+00:00",1,NA,NA,10927,7,NA,1285,"{'A': 5, 'B': 0}","{'A': 0, 'B': 0}",885,559,1,"2022-10-18 02:29:56.704531+00:00",5,240,2,2,"4 0",1000,0,100,80,20,0.2,0,0.8,0,3,3,0,-1,8,"hpztpj4r",NA,NA,NA,NA,0,"only A"
"168",8,"de09607i","leeps_8",0,48,600,"salience_market","FinalResults","2022-10-18 02:11:42.165909+00:00",1,NA,NA,11398,1,NA,1330,"{'A': 4, 'B': 0}","{'A': 1, 'B': 0}",1010,1010,1,"2022-10-18 02:29:56.704531+00:00",5,240,2,2,"4 0",1000,0,100,80,20,0.2,0,0.8,0,3,3,0,-1,8,"hpztpj4r",NA,NA,NA,NA,0,"only A"
"169",1,"m9ut51re","leeps_1",0,48,600,"salience_market","FinalResults","2022-10-18 02:09:27.569897+00:00",1,NA,NA,10133,3,NA,1485,"{'A': 0, 'B': 7}","{'A': 0, 'B': 6}",645,531,1,"2022-10-18 02:34:20.285962+00:00",6,240,2,2,"0 4",1000,0,100,80,20,0.2,0,0.8,0,3,3,0,-1,8,"hpztpj4r",NA,NA,NA,NA,0,"only B"
"170",2,"6xmbi1s0","leeps_5",0,48,600,"salience_market","FinalResults","2022-10-18 02:09:33.110512+00:00",1,NA,NA,11985,6,NA,1470,"{'A': 0, 'B': 0}","{'A': 0, 'B': 0}",1470,970,1,"2022-10-18 02:34:20.285962+00:00",6,240,2,2,"0 4",1000,0,100,80,20,0.2,0,0.8,0,3,3,0,-1,8,"hpztpj4r",NA,NA,NA,NA,0,"only B"
"171",3,"g3qysc84","leeps_4",0,48,600,"salience_market","FinalResults","2022-10-18 02:09:53.164703+00:00",1,NA,NA,11161,2,NA,1494,"{'A': 0, 'B': 6}","{'A': 0, 'B': 6}",774,693,1,"2022-10-18 02:34:20.285962+00:00",6,240,2,2,"0 4",1000,0,100,80,20,0.2,0,0.8,0,3,3,0,-1,8,"hpztpj4r",NA,NA,NA,NA,0,"only B"
"172",4,"oib9lssj","leeps_3",0,48,600,"salience_market","FinalResults","2022-10-18 02:10:03.429703+00:00",1,NA,NA,9899,4,NA,1501,"{'A': 0, 'B': 10}","{'A': 0, 'B': 9}",301,301,1,"2022-10-18 02:34:20.285962+00:00",6,240,2,2,"0 4",1000,0,100,80,20,0.2,0,0.8,0,3,3,0,-1,8,"hpztpj4r",NA,NA,NA,NA,0,"only B"
"173",5,"uci0pssa","leeps_6",0,48,600,"salience_market","FinalResults","2022-10-18 02:10:34.847293+00:00",1,NA,NA,12796,8,NA,1427,"{'A': 0, 'B': 0}","{'A': 0, 'B': 0}",1427,1427,1,"2022-10-18 02:34:20.285962+00:00",6,240,2,2,"0 4",1000,0,100,80,20,0.2,0,0.8,0,3,3,0,-1,8,"hpztpj4r",NA,NA,NA,NA,0,"only B"
"174",6,"23rhtx06","leeps_2",0,48,600,"salience_market","FinalResults","2022-10-18 02:10:56.974669+00:00",1,NA,NA,11301,7,NA,1514,"{'A': 0, 'B': 7}","{'A': 0, 'B': 7}",674,559,1,"2022-10-18 02:34:20.285962+00:00",6,240,2,2,"0 4",1000,0,100,80,20,0.2,0,0.8,0,3,3,0,-1,8,"hpztpj4r",NA,NA,NA,NA,0,"only B"
"175",7,"zq0k8g81","leeps_7",0,48,600,"salience_market","FinalResults","2022-10-18 02:11:19.880501+00:00",1,NA,NA,10927,5,NA,1480,"{'A': 0, 'B': 2}","{'A': 0, 'B': 0}",1240,1240,1,"2022-10-18 02:34:20.285962+00:00",6,240,2,2,"0 4",1000,0,100,80,20,0.2,0,0.8,0,3,3,0,-1,8,"hpztpj4r",NA,NA,NA,NA,0,"only B"
"176",8,"de09607i","leeps_8",0,48,600,"salience_market","FinalResults","2022-10-18 02:11:42.165909+00:00",1,NA,NA,11398,1,NA,1469,"{'A': 0, 'B': 0}","{'A': 0, 'B': 0}",1469,1469,1,"2022-10-18 02:34:20.285962+00:00",6,240,2,2,"0 4",1000,0,100,80,20,0.2,0,0.8,0,3,3,0,-1,8,"hpztpj4r",NA,NA,NA,NA,0,"only B"
"177",1,"m9ut51re","leeps_1",0,48,600,"salience_market","FinalResults","2022-10-18 02:09:27.569897+00:00",1,NA,NA,10133,6,NA,1486,"{'A': 0, 'B': 10}","{'A': 0, 'B': 9}",286,171,1,"2022-10-18 02:38:43.977866+00:00",7,240,2,2,"0 4",1000,0,100,80,20,0.2,0,0.8,0,3,3,0,-1,8,"hpztpj4r",NA,NA,NA,NA,0,"only B"
"178",2,"6xmbi1s0","leeps_5",0,48,600,"salience_market","FinalResults","2022-10-18 02:09:33.110512+00:00",1,NA,NA,11985,4,NA,1490,"{'A': 0, 'B': 0}","{'A': 0, 'B': 0}",1490,1490,1,"2022-10-18 02:38:43.977866+00:00",7,240,2,2,"0 4",1000,0,100,80,20,0.2,0,0.8,0,3,3,0,-1,8,"hpztpj4r",NA,NA,NA,NA,0,"only B"
"179",3,"g3qysc84","leeps_4",0,48,600,"salience_market","FinalResults","2022-10-18 02:09:53.164703+00:00",1,NA,NA,11161,5,NA,1480,"{'A': 0, 'B': 4}","{'A': 0, 'B': 1}",1000,889,1,"2022-10-18 02:38:43.977866+00:00",7,240,2,2,"0 4",1000,0,100,80,20,0.2,0,0.8,0,3,3,0,-1,8,"hpztpj4r",NA,NA,NA,NA,0,"only B"
"180",4,"oib9lssj","leeps_3",0,48,600,"salience_market","FinalResults","2022-10-18 02:10:03.429703+00:00",1,NA,NA,9899,3,NA,1480,"{'A': 0, 'B': 7}","{'A': 0, 'B': 6}",640,640,1,"2022-10-18 02:38:43.977866+00:00",7,240,2,2,"0 4",1000,0,100,80,20,0.2,0,0.8,0,3,3,0,-1,8,"hpztpj4r",NA,NA,NA,NA,0,"only B"
"181",5,"uci0pssa","leeps_6",0,48,600,"salience_market","FinalResults","2022-10-18 02:10:34.847293+00:00",1,NA,NA,12796,1,NA,1452,"{'A': 0, 'B': 0}","{'A': 0, 'B': 0}",1452,972,1,"2022-10-18 02:38:43.977866+00:00",7,240,2,2,"0 4",1000,0,100,80,20,0.2,0,0.8,0,3,3,0,-1,8,"hpztpj4r",NA,NA,NA,NA,0,"only B"
"182",6,"23rhtx06","leeps_2",0,48,600,"salience_market","FinalResults","2022-10-18 02:10:56.974669+00:00",1,NA,NA,11301,2,NA,1497,"{'A': 0, 'B': 6}","{'A': 0, 'B': 6}",777,777,1,"2022-10-18 02:38:43.977866+00:00",7,240,2,2,"0 4",1000,0,100,80,20,0.2,0,0.8,0,3,3,0,-1,8,"hpztpj4r",NA,NA,NA,NA,0,"only B"
"183",7,"zq0k8g81","leeps_7",0,48,600,"salience_market","FinalResults","2022-10-18 02:11:19.880501+00:00",1,NA,NA,10927,8,NA,1481,"{'A': 0, 'B': 5}","{'A': 0, 'B': 0}",881,707,1,"2022-10-18 02:38:43.977866+00:00",7,240,2,2,"0 4",1000,0,100,80,20,0.2,0,0.8,0,3,3,0,-1,8,"hpztpj4r",NA,NA,NA,NA,0,"only B"
"184",8,"de09607i","leeps_8",0,48,600,"salience_market","FinalResults","2022-10-18 02:11:42.165909+00:00",1,NA,NA,11398,7,NA,1474,"{'A': 0, 'B': 0}","{'A': 0, 'B': 0}",1474,1474,1,"2022-10-18 02:38:43.977866+00:00",7,240,2,2,"0 4",1000,0,100,80,20,0.2,0,0.8,0,3,3,0,-1,8,"hpztpj4r",NA,NA,NA,NA,0,"only B"
"185",1,"m9ut51re","leeps_1",0,48,600,"salience_market","FinalResults","2022-10-18 02:09:27.569897+00:00",1,NA,NA,10133,7,NA,2238,"{'A': 11, 'B': 0}","{'A': 8, 'B': 0}",258,60,1,"2022-10-18 02:43:05.789956+00:00",8,240,2,2,"4 0",1000,0,100,80,20,0.2,0,0.8,0,1,1,0,8,8,"hpztpj4r",NA,NA,NA,NA,0,"only A"
"186",2,"6xmbi1s0","leeps_5",0,48,600,"salience_market","FinalResults","2022-10-18 02:09:33.110512+00:00",1,NA,NA,11985,2,NA,1495,"{'A': 1, 'B': 0}","{'A': 0, 'B': 0}",1315,1215,1,"2022-10-18 02:43:05.789956+00:00",8,240,2,2,"4 0",1000,0,100,80,20,0.2,0,0.8,0,1,1,0,8,8,"hpztpj4r",NA,NA,NA,NA,0,"only A"
"187",3,"g3qysc84","leeps_4",0,48,600,"salience_market","FinalResults","2022-10-18 02:09:53.164703+00:00",1,NA,NA,11161,1,NA,1575,"{'A': 2, 'B': 0}","{'A': 1, 'B': 0}",1215,1130,1,"2022-10-18 02:43:05.789956+00:00",8,240,2,2,"4 0",1000,0,100,80,20,0.2,0,0.8,0,1,1,0,8,8,"hpztpj4r",NA,NA,NA,NA,0,"only A"
"188",4,"oib9lssj","leeps_3",0,48,600,"salience_market","FinalResults","2022-10-18 02:10:03.429703+00:00",1,NA,NA,9899,8,NA,1575,"{'A': 2, 'B': 0}","{'A': 0, 'B': 0}",1215,1215,1,"2022-10-18 02:43:05.789956+00:00",8,240,2,2,"4 0",1000,0,100,80,20,0.2,0,0.8,0,1,1,0,8,8,"hpztpj4r",NA,NA,NA,NA,0,"only A"
"189",5,"uci0pssa","leeps_6",0,48,600,"salience_market","FinalResults","2022-10-18 02:10:34.847293+00:00",1,NA,NA,12796,4,NA,2315,"{'A': 12, 'B': 0}","{'A': 7, 'B': 0}",155,155,1,"2022-10-18 02:43:05.789956+00:00",8,240,2,2,"4 0",1000,0,100,80,20,0.2,0,0.8,0,1,1,0,8,8,"hpztpj4r",NA,NA,NA,NA,0,"only A"
"190",6,"23rhtx06","leeps_2",0,48,600,"salience_market","FinalResults","2022-10-18 02:10:56.974669+00:00",1,NA,NA,11301,3,NA,1427,"{'A': 0, 'B': 0}","{'A': 0, 'B': 0}",1427,1427,1,"2022-10-18 02:43:05.789956+00:00",8,240,2,2,"4 0",1000,0,100,80,20,0.2,0,0.8,0,1,1,0,8,8,"hpztpj4r",NA,NA,NA,NA,0,"only A"
"191",7,"zq0k8g81","leeps_7",0,48,600,"salience_market","FinalResults","2022-10-18 02:11:19.880501+00:00",1,NA,NA,10927,5,NA,1720,"{'A': 4, 'B': 0}","{'A': 0, 'B': 0}",1000,632,1,"2022-10-18 02:43:05.789956+00:00",8,240,2,2,"4 0",1000,0,100,80,20,0.2,0,0.8,0,1,1,0,8,8,"hpztpj4r",NA,NA,NA,NA,0,"only A"
"192",8,"de09607i","leeps_8",0,48,600,"salience_market","FinalResults","2022-10-18 02:11:42.165909+00:00",1,NA,NA,11398,6,NA,1415,"{'A': 0, 'B': 0}","{'A': 0, 'B': 0}",1415,1415,1,"2022-10-18 02:43:05.789956+00:00",8,240,2,2,"4 0",1000,0,100,80,20,0.2,0,0.8,0,1,1,0,8,8,"hpztpj4r",NA,NA,NA,NA,0,"only A"
"193",1,"g8h9zx8w","leeps_1",0,48,600,"salience_market","FinalResults","2022-10-25 02:00:27.832958+00:00",1,NA,NA,11721,3,NA,1485,"{'A': 0, 'B': 3}","{'A': 0, 'B': 2}",1125,985,1,"2022-10-25 02:12:56.888267+00:00",1,240,2,2,"0 4",1000,1,100,80,20,0.2,0,0.8,0,3,3,0,-1,8,"iyox743l",NA,NA,NA,NA,0,"only B"
"194",2,"txuh2fp3","leeps_3",0,48,600,"salience_market","FinalResults","2022-10-25 02:00:32.077568+00:00",1,NA,NA,11458,4,NA,1370,"{'A': 0, 'B': 0}","{'A': 0, 'B': 0}",1370,1370,1,"2022-10-25 02:12:56.888267+00:00",1,240,2,2,"0 4",1000,1,100,80,20,0.2,0,0.8,0,3,3,0,-1,8,"iyox743l",NA,NA,NA,NA,0,"only B"
"195",3,"g8u7untb","leeps_4",0,48,600,"salience_market","FinalResults","2022-10-25 02:00:37.559585+00:00",1,NA,NA,11594,6,NA,1475,"{'A': 0, 'B': 1}","{'A': 0, 'B': 1}",1355,1355,1,"2022-10-25 02:12:56.888267+00:00",1,240,2,2,"0 4",1000,1,100,80,20,0.2,0,0.8,0,3,3,0,-1,8,"iyox743l",NA,NA,NA,NA,0,"only B"
"196",4,"ob0inpdo","leeps_6",0,48,600,"salience_market","FinalResults","2022-10-25 02:00:42.551931+00:00",1,NA,NA,11579,5,NA,1480,"{'A': 0, 'B': 4}","{'A': 0, 'B': 0}",1000,350,1,"2022-10-25 02:12:56.888267+00:00",1,240,2,2,"0 4",1000,1,100,80,20,0.2,0,0.8,0,3,3,0,-1,8,"iyox743l",NA,NA,NA,NA,0,"only B"
"197",5,"0qb53zxz","leeps_2",0,48,600,"salience_market","FinalResults","2022-10-25 02:01:02.466214+00:00",1,NA,NA,11904,7,NA,1480,"{'A': 0, 'B': 4}","{'A': 0, 'B': 3}",1000,940,1,"2022-10-25 02:12:56.888267+00:00",1,240,2,2,"0 4",1000,1,100,80,20,0.2,0,0.8,0,3,3,0,-1,8,"iyox743l",NA,NA,NA,NA,0,"only B"
"198",6,"msddi0zb","leeps_5",0,48,600,"salience_market","FinalResults","2022-10-25 02:01:02.875150+00:00",1,NA,NA,12560,1,NA,1580,"{'A': 0, 'B': 13}","{'A': 0, 'B': 13}",20,20,1,"2022-10-25 02:12:56.888267+00:00",1,240,2,2,"0 4",1000,1,100,80,20,0.2,0,0.8,0,3,3,0,-1,8,"iyox743l",NA,NA,NA,NA,0,"only B"
"199",7,"xv7fbzlt","leeps_7",0,48,600,"salience_market","FinalResults","2022-10-25 02:01:42.838392+00:00",1,NA,NA,11694,8,NA,1460,"{'A': 0, 'B': 3}","{'A': 0, 'B': 3}",1100,1100,1,"2022-10-25 02:12:56.888267+00:00",1,240,2,2,"0 4",1000,1,100,80,20,0.2,0,0.8,0,3,3,0,-1,8,"iyox743l",NA,NA,NA,NA,0,"only B"
"200",8,"pdn7tzjz","leeps_8",0,48,600,"salience_market","FinalResults","2022-10-25 02:02:21.637288+00:00",1,NA,NA,12207,2,NA,1510,"{'A': 0, 'B': 4}","{'A': 0, 'B': 4}",1030,1030,1,"2022-10-25 02:12:56.888267+00:00",1,240,2,2,"0 4",1000,1,100,80,20,0.2,0,0.8,0,3,3,0,-1,8,"iyox743l",NA,NA,NA,NA,0,"only B"
"201",1,"g8h9zx8w","leeps_1",0,48,600,"salience_market","FinalResults","2022-10-25 02:00:27.832958+00:00",1,NA,NA,11721,4,NA,1441,"{'A': 0, 'B': 0}","{'A': 0, 'B': 0}",1441,1161,1,"2022-10-25 02:17:20.552132+00:00",2,240,2,2,"0 4",1000,0,100,80,20,0.2,0,0.8,0,3,3,0,-1,8,"iyox743l",NA,NA,NA,NA,0,"only B"
"202",2,"txuh2fp3","leeps_3",0,48,600,"salience_market","FinalResults","2022-10-25 02:00:32.077568+00:00",1,NA,NA,11458,3,NA,1431,"{'A': 0, 'B': 1}","{'A': 0, 'B': 1}",1311,1311,1,"2022-10-25 02:17:20.552132+00:00",2,240,2,2,"0 4",1000,0,100,80,20,0.2,0,0.8,0,3,3,0,-1,8,"iyox743l",NA,NA,NA,NA,0,"only B"
"203",3,"g8u7untb","leeps_4",0,48,600,"salience_market","FinalResults","2022-10-25 02:00:37.559585+00:00",1,NA,NA,11594,5,NA,1455,"{'A': 0, 'B': 2}","{'A': 0, 'B': 1}",1215,1215,1,"2022-10-25 02:17:20.552132+00:00",2,240,2,2,"0 4",1000,0,100,80,20,0.2,0,0.8,0,3,3,0,-1,8,"iyox743l",NA,NA,NA,NA,0,"only B"
"204",4,"ob0inpdo","leeps_6",0,48,600,"salience_market","FinalResults","2022-10-25 02:00:42.551931+00:00",1,NA,NA,11579,7,NA,1480,"{'A': 0, 'B': 4}","{'A': 0, 'B': 2}",1000,1000,1,"2022-10-25 02:17:20.552132+00:00",2,240,2,2,"0 4",1000,0,100,80,20,0.2,0,0.8,0,3,3,0,-1,8,"iyox743l",NA,NA,NA,NA,0,"only B"
"205",5,"0qb53zxz","leeps_2",0,48,600,"salience_market","FinalResults","2022-10-25 02:01:02.466214+00:00",1,NA,NA,11904,2,NA,1461,"{'A': 0, 'B': 3}","{'A': 0, 'B': 2}",1101,851,1,"2022-10-25 02:17:20.552132+00:00",2,240,2,2,"0 4",1000,0,100,80,20,0.2,0,0.8,0,3,3,0,-1,8,"iyox743l",NA,NA,NA,NA,0,"only B"
"206",6,"msddi0zb","leeps_5",0,48,600,"salience_market","FinalResults","2022-10-25 02:01:02.875150+00:00",1,NA,NA,12560,6,NA,1600,"{'A': 0, 'B': 13}","{'A': 0, 'B': 12}",40,40,1,"2022-10-25 02:17:20.552132+00:00",2,240,2,2,"0 4",1000,0,100,80,20,0.2,0,0.8,0,3,3,0,-1,8,"iyox743l",NA,NA,NA,NA,0,"only B"
"207",7,"xv7fbzlt","leeps_7",0,48,600,"salience_market","FinalResults","2022-10-25 02:01:42.838392+00:00",1,NA,NA,11694,1,NA,1462,"{'A': 0, 'B': 3}","{'A': 0, 'B': 3}",1102,1102,1,"2022-10-25 02:17:20.552132+00:00",2,240,2,2,"0 4",1000,0,100,80,20,0.2,0,0.8,0,3,3,0,-1,8,"iyox743l",NA,NA,NA,NA,0,"only B"
"208",8,"pdn7tzjz","leeps_8",0,48,600,"salience_market","FinalResults","2022-10-25 02:02:21.637288+00:00",1,NA,NA,12207,8,NA,1510,"{'A': 0, 'B': 6}","{'A': 0, 'B': 6}",790,790,1,"2022-10-25 02:17:20.552132+00:00",2,240,2,2,"0 4",1000,0,100,80,20,0.2,0,0.8,0,3,3,0,-1,8,"iyox743l",NA,NA,NA,NA,0,"only B"
"209",1,"g8h9zx8w","leeps_1",0,48,600,"salience_market","FinalResults","2022-10-25 02:00:27.832958+00:00",1,NA,NA,11721,3,NA,1427,"{'A': 0, 'B': 2}","{'A': 0, 'B': 2}",1187,977,1,"2022-10-25 02:21:44.231033+00:00",3,240,2,2,"0 4",1000,0,100,80,20,0.2,0,0.8,0,3,3,0,-1,8,"iyox743l",NA,NA,NA,NA,0,"only B"
"210",2,"txuh2fp3","leeps_3",0,48,600,"salience_market","FinalResults","2022-10-25 02:00:32.077568+00:00",1,NA,NA,11458,5,NA,1439,"{'A': 0, 'B': 3}","{'A': 0, 'B': 0}",1079,1079,1,"2022-10-25 02:21:44.231033+00:00",3,240,2,2,"0 4",1000,0,100,80,20,0.2,0,0.8,0,3,3,0,-1,8,"iyox743l",NA,NA,NA,NA,0,"only B"
"211",3,"g8u7untb","leeps_4",0,48,600,"salience_market","FinalResults","2022-10-25 02:00:37.559585+00:00",1,NA,NA,11594,1,NA,1454,"{'A': 0, 'B': 2}","{'A': 0, 'B': 0}",1214,214,1,"2022-10-25 02:21:44.231033+00:00",3,240,2,2,"0 4",1000,0,100,80,20,0.2,0,0.8,0,3,3,0,-1,8,"iyox743l",NA,NA,NA,NA,0,"only B"
"212",4,"ob0inpdo","leeps_6",0,48,600,"salience_market","FinalResults","2022-10-25 02:00:42.551931+00:00",1,NA,NA,11579,4,NA,1431,"{'A': 0, 'B': 2}","{'A': 0, 'B': 0}",1191,1191,1,"2022-10-25 02:21:44.231033+00:00",3,240,2,2,"0 4",1000,0,100,80,20,0.2,0,0.8,0,3,3,0,-1,8,"iyox743l",NA,NA,NA,NA,0,"only B"
"213",5,"0qb53zxz","leeps_2",0,48,600,"salience_market","FinalResults","2022-10-25 02:01:02.466214+00:00",1,NA,NA,11904,7,NA,1460,"{'A': 0, 'B': 3}","{'A': 0, 'B': 2}",1100,1025,1,"2022-10-25 02:21:44.231033+00:00",3,240,2,2,"0 4",1000,0,100,80,20,0.2,0,0.8,0,3,3,0,-1,8,"iyox743l",NA,NA,NA,NA,0,"only B"
"214",6,"msddi0zb","leeps_5",0,48,600,"salience_market","FinalResults","2022-10-25 02:01:02.875150+00:00",1,NA,NA,12560,8,NA,1630,"{'A': 0, 'B': 11}","{'A': 0, 'B': 10}",310,260,1,"2022-10-25 02:21:44.231033+00:00",3,240,2,2,"0 4",1000,0,100,80,20,0.2,0,0.8,0,3,3,0,-1,8,"iyox743l",NA,NA,NA,NA,0,"only B"
"215",7,"xv7fbzlt","leeps_7",0,48,600,"salience_market","FinalResults","2022-10-25 02:01:42.838392+00:00",1,NA,NA,11694,2,NA,1460,"{'A': 0, 'B': 3}","{'A': 0, 'B': 3}",1100,1002,1,"2022-10-25 02:21:44.231033+00:00",3,240,2,2,"0 4",1000,0,100,80,20,0.2,0,0.8,0,3,3,0,-1,8,"iyox743l",NA,NA,NA,NA,0,"only B"
"216",8,"pdn7tzjz","leeps_8",0,48,600,"salience_market","FinalResults","2022-10-25 02:02:21.637288+00:00",1,NA,NA,12207,6,NA,1539,"{'A': 0, 'B': 6}","{'A': 0, 'B': 6}",819,819,1,"2022-10-25 02:21:44.231033+00:00",3,240,2,2,"0 4",1000,0,100,80,20,0.2,0,0.8,0,3,3,0,-1,8,"iyox743l",NA,NA,NA,NA,0,"only B"
"217",1,"g8h9zx8w","leeps_1",0,48,600,"salience_market","FinalResults","2022-10-25 02:00:27.832958+00:00",1,NA,NA,11721,1,NA,1455,"{'A': 0, 'B': 2}","{'A': 0, 'B': 1}",1215,922,1,"2022-10-25 02:26:04.770991+00:00",4,240,2,2,"0 4",1000,0,100,80,20,0.2,0,0.8,0,3,3,0,-1,8,"iyox743l",NA,NA,NA,NA,0,"only B"
"218",2,"txuh2fp3","leeps_3",0,48,600,"salience_market","FinalResults","2022-10-25 02:00:32.077568+00:00",1,NA,NA,11458,3,NA,1446,"{'A': 0, 'B': 0}","{'A': 0, 'B': 0}",1446,1446,1,"2022-10-25 02:26:04.770991+00:00",4,240,2,2,"0 4",1000,0,100,80,20,0.2,0,0.8,0,3,3,0,-1,8,"iyox743l",NA,NA,NA,NA,0,"only B"
"219",3,"g8u7untb","leeps_4",0,48,600,"salience_market","FinalResults","2022-10-25 02:00:37.559585+00:00",1,NA,NA,11594,4,NA,1450,"{'A': 0, 'B': 0}","{'A': 0, 'B': 0}",1450,11,1,"2022-10-25 02:26:04.770991+00:00",4,240,2,2,"0 4",1000,0,100,80,20,0.2,0,0.8,0,3,3,0,-1,8,"iyox743l",NA,NA,NA,NA,0,"only B"
"220",4,"ob0inpdo","leeps_6",0,48,600,"salience_market","FinalResults","2022-10-25 02:00:42.551931+00:00",1,NA,NA,11579,8,NA,1404,"{'A': 0, 'B': 0}","{'A': 0, 'B': 0}",1404,1303,1,"2022-10-25 02:26:04.770991+00:00",4,240,2,2,"0 4",1000,0,100,80,20,0.2,0,0.8,0,3,3,0,-1,8,"iyox743l",NA,NA,NA,NA,0,"only B"
"221",5,"0qb53zxz","leeps_2",0,48,600,"salience_market","FinalResults","2022-10-25 02:01:02.466214+00:00",1,NA,NA,11904,7,NA,1498,"{'A': 0, 'B': 5}","{'A': 0, 'B': 5}",898,528,1,"2022-10-25 02:26:04.770991+00:00",4,240,2,2,"0 4",1000,0,100,80,20,0.2,0,0.8,0,3,3,0,-1,8,"iyox743l",NA,NA,NA,NA,0,"only B"
"222",6,"msddi0zb","leeps_5",0,48,600,"salience_market","FinalResults","2022-10-25 02:01:02.875150+00:00",1,NA,NA,12560,6,NA,1563,"{'A': 0, 'B': 11}","{'A': 0, 'B': 11}",243,103,1,"2022-10-25 02:26:04.770991+00:00",4,240,2,2,"0 4",1000,0,100,80,20,0.2,0,0.8,0,3,3,0,-1,8,"iyox743l",NA,NA,NA,NA,0,"only B"
"223",7,"xv7fbzlt","leeps_7",0,48,600,"salience_market","FinalResults","2022-10-25 02:01:42.838392+00:00",1,NA,NA,11694,5,NA,1450,"{'A': 0, 'B': 2}","{'A': 0, 'B': 2}",1210,1111,1,"2022-10-25 02:26:04.770991+00:00",4,240,2,2,"0 4",1000,0,100,80,20,0.2,0,0.8,0,3,3,0,-1,8,"iyox743l",NA,NA,NA,NA,0,"only B"
"224",8,"pdn7tzjz","leeps_8",0,48,600,"salience_market","FinalResults","2022-10-25 02:02:21.637288+00:00",1,NA,NA,12207,2,NA,1574,"{'A': 0, 'B': 12}","{'A': 0, 'B': 9}",134,134,1,"2022-10-25 02:26:04.770991+00:00",4,240,2,2,"0 4",1000,0,100,80,20,0.2,0,0.8,0,3,3,0,-1,8,"iyox743l",NA,NA,NA,NA,0,"only B"
"225",1,"g8h9zx8w","leeps_1",0,48,600,"salience_market","FinalResults","2022-10-25 02:00:27.832958+00:00",1,NA,NA,11721,6,NA,1450,"{'A': 0, 'B': 2}","{'A': 0, 'B': 1}",1210,798,1,"2022-10-25 02:30:24.271152+00:00",5,240,2,2,"0 4",1000,0,100,80,20,0.2,0,0.8,0,3,3,0,-1,8,"iyox743l",NA,NA,NA,NA,0,"only B"
"226",2,"txuh2fp3","leeps_3",0,48,600,"salience_market","FinalResults","2022-10-25 02:00:32.077568+00:00",1,NA,NA,11458,4,NA,1437,"{'A': 0, 'B': 0}","{'A': 0, 'B': 0}",1437,1328,1,"2022-10-25 02:30:24.271152+00:00",5,240,2,2,"0 4",1000,0,100,80,20,0.2,0,0.8,0,3,3,0,-1,8,"iyox743l",NA,NA,NA,NA,0,"only B"
"227",3,"g8u7untb","leeps_4",0,48,600,"salience_market","FinalResults","2022-10-25 02:00:37.559585+00:00",1,NA,NA,11594,5,NA,1428,"{'A': 0, 'B': 0}","{'A': 0, 'B': 0}",1428,1108,1,"2022-10-25 02:30:24.271152+00:00",5,240,2,2,"0 4",1000,0,100,80,20,0.2,0,0.8,0,3,3,0,-1,8,"iyox743l",NA,NA,NA,NA,0,"only B"
"228",4,"ob0inpdo","leeps_6",0,48,600,"salience_market","FinalResults","2022-10-25 02:00:42.551931+00:00",1,NA,NA,11579,2,NA,1423,"{'A': 0, 'B': 0}","{'A': 0, 'B': 0}",1423,1423,1,"2022-10-25 02:30:24.271152+00:00",5,240,2,2,"0 4",1000,0,100,80,20,0.2,0,0.8,0,3,3,0,-1,8,"iyox743l",NA,NA,NA,NA,0,"only B"
"229",5,"0qb53zxz","leeps_2",0,48,600,"salience_market","FinalResults","2022-10-25 02:01:02.466214+00:00",1,NA,NA,11904,7,NA,1505,"{'A': 0, 'B': 6}","{'A': 0, 'B': 6}",785,725,1,"2022-10-25 02:30:24.271152+00:00",5,240,2,2,"0 4",1000,0,100,80,20,0.2,0,0.8,0,3,3,0,-1,8,"iyox743l",NA,NA,NA,NA,0,"only B"
"230",6,"msddi0zb","leeps_5",0,48,600,"salience_market","FinalResults","2022-10-25 02:01:02.875150+00:00",1,NA,NA,12560,1,NA,1595,"{'A': 0, 'B': 13}","{'A': 0, 'B': 9}",35,35,1,"2022-10-25 02:30:24.271152+00:00",5,240,2,2,"0 4",1000,0,100,80,20,0.2,0,0.8,0,3,3,0,-1,8,"iyox743l",NA,NA,NA,NA,0,"only B"
"231",7,"xv7fbzlt","leeps_7",0,48,600,"salience_market","FinalResults","2022-10-25 02:01:42.838392+00:00",1,NA,NA,11694,8,NA,1453,"{'A': 0, 'B': 2}","{'A': 0, 'B': 2}",1213,1213,1,"2022-10-25 02:30:24.271152+00:00",5,240,2,2,"0 4",1000,0,100,80,20,0.2,0,0.8,0,3,3,0,-1,8,"iyox743l",NA,NA,NA,NA,0,"only B"
"232",8,"pdn7tzjz","leeps_8",0,48,600,"salience_market","FinalResults","2022-10-25 02:02:21.637288+00:00",1,NA,NA,12207,3,NA,1549,"{'A': 0, 'B': 9}","{'A': 0, 'B': 9}",469,257,1,"2022-10-25 02:30:24.271152+00:00",5,240,2,2,"0 4",1000,0,100,80,20,0.2,0,0.8,0,3,3,0,-1,8,"iyox743l",NA,NA,NA,NA,0,"only B"
"233",1,"g8h9zx8w","leeps_1",0,48,600,"salience_market","FinalResults","2022-10-25 02:00:27.832958+00:00",1,NA,NA,11721,6,NA,1474,"{'A': 0, 'B': 3}","{'A': 0, 'B': 0}",1114,799,1,"2022-10-25 02:34:45.428779+00:00",6,240,2,2,"0 4",1000,0,100,80,20,0.2,0,0.8,0,3,3,0,-1,8,"iyox743l",NA,NA,NA,NA,0,"only B"
"234",2,"txuh2fp3","leeps_3",0,48,600,"salience_market","FinalResults","2022-10-25 02:00:32.077568+00:00",1,NA,NA,11458,2,NA,1440,"{'A': 0, 'B': 0}","{'A': 0, 'B': 0}",1440,1119,1,"2022-10-25 02:34:45.428779+00:00",6,240,2,2,"0 4",1000,0,100,80,20,0.2,0,0.8,0,3,3,0,-1,8,"iyox743l",NA,NA,NA,NA,0,"only B"
"235",3,"g8u7untb","leeps_4",0,48,600,"salience_market","FinalResults","2022-10-25 02:00:37.559585+00:00",1,NA,NA,11594,1,NA,1440,"{'A': 0, 'B': 0}","{'A': 0, 'B': 0}",1440,1223,1,"2022-10-25 02:34:45.428779+00:00",6,240,2,2,"0 4",1000,0,100,80,20,0.2,0,0.8,0,3,3,0,-1,8,"iyox743l",NA,NA,NA,NA,0,"only B"
"236",4,"ob0inpdo","leeps_6",0,48,600,"salience_market","FinalResults","2022-10-25 02:00:42.551931+00:00",1,NA,NA,11579,8,NA,1443,"{'A': 0, 'B': 0}","{'A': 0, 'B': 0}",1443,1443,1,"2022-10-25 02:34:45.428779+00:00",6,240,2,2,"0 4",1000,0,100,80,20,0.2,0,0.8,0,3,3,0,-1,8,"iyox743l",NA,NA,NA,NA,0,"only B"
"237",5,"0qb53zxz","leeps_2",0,48,600,"salience_market","FinalResults","2022-10-25 02:01:02.466214+00:00",1,NA,NA,11904,3,NA,1504,"{'A': 0, 'B': 7}","{'A': 0, 'B': 7}",664,614,1,"2022-10-25 02:34:45.428779+00:00",6,240,2,2,"0 4",1000,0,100,80,20,0.2,0,0.8,0,3,3,0,-1,8,"iyox743l",NA,NA,NA,NA,0,"only B"
"238",6,"msddi0zb","leeps_5",0,48,600,"salience_market","FinalResults","2022-10-25 02:01:02.875150+00:00",1,NA,NA,12560,5,NA,1523,"{'A': 0, 'B': 10}","{'A': 0, 'B': 7}",323,123,1,"2022-10-25 02:34:45.428779+00:00",6,240,2,2,"0 4",1000,0,100,80,20,0.2,0,0.8,0,3,3,0,-1,8,"iyox743l",NA,NA,NA,NA,0,"only B"
"239",7,"xv7fbzlt","leeps_7",0,48,600,"salience_market","FinalResults","2022-10-25 02:01:42.838392+00:00",1,NA,NA,11694,7,NA,1462,"{'A': 0, 'B': 2}","{'A': 0, 'B': 2}",1222,1114,1,"2022-10-25 02:34:45.428779+00:00",6,240,2,2,"0 4",1000,0,100,80,20,0.2,0,0.8,0,3,3,0,-1,8,"iyox743l",NA,NA,NA,NA,0,"only B"
"240",8,"pdn7tzjz","leeps_8",0,48,600,"salience_market","FinalResults","2022-10-25 02:02:21.637288+00:00",1,NA,NA,12207,4,NA,1554,"{'A': 0, 'B': 10}","{'A': 0, 'B': 10}",354,354,1,"2022-10-25 02:34:45.428779+00:00",6,240,2,2,"0 4",1000,0,100,80,20,0.2,0,0.8,0,3,3,0,-1,8,"iyox743l",NA,NA,NA,NA,0,"only B"
"241",1,"g8h9zx8w","leeps_1",0,48,600,"salience_market","FinalResults","2022-10-25 02:00:27.832958+00:00",1,NA,NA,11721,1,NA,1470,"{'A': 0, 'B': 3}","{'A': 0, 'B': 0}",1110,470,1,"2022-10-25 02:39:08.133306+00:00",7,240,2,2,"0 4",1000,0,100,80,20,0.2,0,0.8,0,3,3,0,-1,8,"iyox743l",NA,NA,NA,NA,0,"only B"
"242",2,"txuh2fp3","leeps_3",0,48,600,"salience_market","FinalResults","2022-10-25 02:00:32.077568+00:00",1,NA,NA,11458,8,NA,1446,"{'A': 0, 'B': 0}","{'A': 0, 'B': 0}",1446,1005,1,"2022-10-25 02:39:08.133306+00:00",7,240,2,2,"0 4",1000,0,100,80,20,0.2,0,0.8,0,3,3,0,-1,8,"iyox743l",NA,NA,NA,NA,0,"only B"
"243",3,"g8u7untb","leeps_4",0,48,600,"salience_market","FinalResults","2022-10-25 02:00:37.559585+00:00",1,NA,NA,11594,3,NA,1444,"{'A': 0, 'B': 0}","{'A': 0, 'B': 0}",1444,292,1,"2022-10-25 02:39:08.133306+00:00",7,240,2,2,"0 4",1000,0,100,80,20,0.2,0,0.8,0,3,3,0,-1,8,"iyox743l",NA,NA,NA,NA,0,"only B"
"244",4,"ob0inpdo","leeps_6",0,48,600,"salience_market","FinalResults","2022-10-25 02:00:42.551931+00:00",1,NA,NA,11579,2,NA,1460,"{'A': 0, 'B': 1}","{'A': 0, 'B': 0}",1340,1340,1,"2022-10-25 02:39:08.133306+00:00",7,240,2,2,"0 4",1000,0,100,80,20,0.2,0,0.8,0,3,3,0,-1,8,"iyox743l",NA,NA,NA,NA,0,"only B"
"245",5,"0qb53zxz","leeps_2",0,48,600,"salience_market","FinalResults","2022-10-25 02:01:02.466214+00:00",1,NA,NA,11904,7,NA,1510,"{'A': 0, 'B': 8}","{'A': 0, 'B': 8}",550,431,1,"2022-10-25 02:39:08.133306+00:00",7,240,2,2,"0 4",1000,0,100,80,20,0.2,0,0.8,0,3,3,0,-1,8,"iyox743l",NA,NA,NA,NA,0,"only B"
"246",6,"msddi0zb","leeps_5",0,48,600,"salience_market","FinalResults","2022-10-25 02:01:02.875150+00:00",1,NA,NA,12560,5,NA,1548,"{'A': 0, 'B': 12}","{'A': 0, 'B': 9}",108,108,1,"2022-10-25 02:39:08.133306+00:00",7,240,2,2,"0 4",1000,0,100,80,20,0.2,0,0.8,0,3,3,0,-1,8,"iyox743l",NA,NA,NA,NA,0,"only B"
"247",7,"xv7fbzlt","leeps_7",0,48,600,"salience_market","FinalResults","2022-10-25 02:01:42.838392+00:00",1,NA,NA,11694,4,NA,1473,"{'A': 0, 'B': 3}","{'A': 0, 'B': 3}",1113,890,1,"2022-10-25 02:39:08.133306+00:00",7,240,2,2,"0 4",1000,0,100,80,20,0.2,0,0.8,0,3,3,0,-1,8,"iyox743l",NA,NA,NA,NA,0,"only B"
"248",8,"pdn7tzjz","leeps_8",0,48,600,"salience_market","FinalResults","2022-10-25 02:02:21.637288+00:00",1,NA,NA,12207,6,NA,1489,"{'A': 0, 'B': 5}","{'A': 0, 'B': 5}",889,889,1,"2022-10-25 02:39:08.133306+00:00",7,240,2,2,"0 4",1000,0,100,80,20,0.2,0,0.8,0,3,3,0,-1,8,"iyox743l",NA,NA,NA,NA,0,"only B"
"249",1,"g8h9zx8w","leeps_1",0,48,600,"salience_market","FinalResults","2022-10-25 02:00:27.832958+00:00",1,NA,NA,11721,1,NA,1519,"{'A': 0, 'B': 10}","{'A': 0, 'B': 8}",319,88,1,"2022-10-25 02:43:30.466643+00:00",8,240,2,2,"0 4",1000,0,100,80,20,0.2,0,0.8,0,3,3,0,6,8,"iyox743l",NA,NA,NA,NA,0,"only B"
"250",2,"txuh2fp3","leeps_3",0,48,600,"salience_market","FinalResults","2022-10-25 02:00:32.077568+00:00",1,NA,NA,11458,2,NA,1449,"{'A': 0, 'B': 0}","{'A': 0, 'B': 0}",1449,1009,1,"2022-10-25 02:43:30.466643+00:00",8,240,2,2,"0 4",1000,0,100,80,20,0.2,0,0.8,0,3,3,0,6,8,"iyox743l",NA,NA,NA,NA,0,"only B"
"251",3,"g8u7untb","leeps_4",0,48,600,"salience_market","FinalResults","2022-10-25 02:00:37.559585+00:00",1,NA,NA,11594,4,NA,1448,"{'A': 0, 'B': 0}","{'A': 0, 'B': 0}",1448,1287,1,"2022-10-25 02:43:30.466643+00:00",8,240,2,2,"0 4",1000,0,100,80,20,0.2,0,0.8,0,3,3,0,6,8,"iyox743l",NA,NA,NA,NA,0,"only B"
"252",4,"ob0inpdo","leeps_6",0,48,600,"salience_market","FinalResults","2022-10-25 02:00:42.551931+00:00",1,NA,NA,11579,7,NA,1458,"{'A': 0, 'B': 0}","{'A': 0, 'B': 0}",1458,1458,1,"2022-10-25 02:43:30.466643+00:00",8,240,2,2,"0 4",1000,0,100,80,20,0.2,0,0.8,0,3,3,0,6,8,"iyox743l",NA,NA,NA,NA,0,"only B"
"253",5,"0qb53zxz","leeps_2",0,48,600,"salience_market","FinalResults","2022-10-25 02:01:02.466214+00:00",1,NA,NA,11904,5,NA,1486,"{'A': 0, 'B': 5}","{'A': 0, 'B': 5}",886,861,1,"2022-10-25 02:43:30.466643+00:00",8,240,2,2,"0 4",1000,0,100,80,20,0.2,0,0.8,0,3,3,0,6,8,"iyox743l",NA,NA,NA,NA,0,"only B"
"254",6,"msddi0zb","leeps_5",0,48,600,"salience_market","FinalResults","2022-10-25 02:01:02.875150+00:00",1,NA,NA,12560,3,NA,1521,"{'A': 0, 'B': 10}","{'A': 0, 'B': 10}",324,95,1,"2022-10-25 02:43:30.466643+00:00",8,240,2,2,"0 4",1000,0,100,80,20,0.2,0,0.8,0,3,3,0,6,8,"iyox743l",NA,NA,NA,NA,0,"only B"
"255",7,"xv7fbzlt","leeps_7",0,48,600,"salience_market","FinalResults","2022-10-25 02:01:42.838392+00:00",1,NA,NA,11694,6,NA,1474,"{'A': 0, 'B': 3}","{'A': 0, 'B': 3}",1114,1002,1,"2022-10-25 02:43:30.466643+00:00",8,240,2,2,"0 4",1000,0,100,80,20,0.2,0,0.8,0,3,3,0,6,8,"iyox743l",NA,NA,NA,NA,0,"only B"
"256",8,"pdn7tzjz","leeps_8",0,48,600,"salience_market","FinalResults","2022-10-25 02:02:21.637288+00:00",1,NA,NA,12207,8,NA,1482,"{'A': 0, 'B': 4}","{'A': 0, 'B': 4}",1002,1002,1,"2022-10-25 02:43:30.466643+00:00",8,240,2,2,"0 4",1000,0,100,80,20,0.2,0,0.8,0,3,3,0,6,8,"iyox743l",NA,NA,NA,NA,0,"only B"
"257",1,"6wf6kvye","leeps_1",0,48,600,"salience_market","FinalResults","2022-11-04 02:13:13.215372+00:00",1,NA,NA,2691,6,NA,370,"{'A': 3, 'B': 3}","{'A': 3, 'B': 2}",770,770,1,"2022-11-04 02:14:25.040682+00:00",1,240,2,2,"2 2",1000,1,100,80,20,0.2,0,0.8,1,3,3,0,-1,8,"dn9wupui",NA,NA,NA,NA,0,"A and B"
"258",2,"b61298uv","leeps_3",0,48,600,"salience_market","FinalResults","2022-11-04 02:13:25.402140+00:00",1,NA,NA,3207,2,NA,385,"{'A': 2, 'B': 1}","{'A': 0, 'B': 1}",1105,595,1,"2022-11-04 02:14:25.040682+00:00",1,240,2,2,"2 2",1000,1,100,80,20,0.2,0,0.8,1,3,3,0,-1,8,"dn9wupui",NA,NA,NA,NA,0,"A and B"
"259",3,"hkr4rgc6","leeps_8",0,48,600,"salience_market","FinalResults","2022-11-04 02:13:29.507395+00:00",1,NA,NA,2806,3,NA,395,"{'A': 2, 'B': 2}","{'A': 1, 'B': 2}",995,995,1,"2022-11-04 02:14:25.040682+00:00",1,240,2,2,"2 2",1000,1,100,80,20,0.2,0,0.8,1,3,3,0,-1,8,"dn9wupui",NA,NA,NA,NA,0,"A and B"
"260",4,"ldtlokf9","leeps_5",0,48,600,"salience_market","FinalResults","2022-11-04 02:13:37.012587+00:00",1,NA,NA,3100,1,NA,410,"{'A': 3, 'B': 0}","{'A': 2, 'B': 0}",1170,1098,1,"2022-11-04 02:14:25.040682+00:00",1,240,2,2,"2 2",1000,1,100,80,20,0.2,0,0.8,1,3,3,0,-1,8,"dn9wupui",NA,NA,NA,NA,0,"A and B"
"261",5,"qnc9x73a","leeps_7",0,48,600,"salience_market","FinalResults","2022-11-04 02:13:39.188508+00:00",1,NA,NA,3172,8,NA,380,"{'A': 2, 'B': 0}","{'A': 2, 'B': 0}",1220,1060,1,"2022-11-04 02:14:25.040682+00:00",1,240,2,2,"2 2",1000,1,100,80,20,0.2,0,0.8,1,3,3,0,-1,8,"dn9wupui",NA,NA,NA,NA,0,"A and B"
"262",6,"bz0vbobq","leeps_2",0,48,600,"salience_market","FinalResults","2022-11-04 02:13:43.027929+00:00",1,NA,NA,3092,7,NA,400,"{'A': 2, 'B': 3}","{'A': 2, 'B': 3}",880,760,1,"2022-11-04 02:14:25.040682+00:00",1,240,2,2,"2 2",1000,1,100,80,20,0.2,0,0.8,1,3,3,0,-1,8,"dn9wupui",NA,NA,NA,NA,0,"A and B"
"263",7,"jzpxh7ww","leeps_6",0,48,600,"salience_market","FinalResults","2022-11-04 02:13:58.719048+00:00",1,NA,NA,3419,4,NA,500,"{'A': 0, 'B': 2}","{'A': 0, 'B': 2}",1260,1240,1,"2022-11-04 02:14:25.040682+00:00",1,240,2,2,"2 2",1000,1,100,80,20,0.2,0,0.8,1,3,3,0,-1,8,"dn9wupui",NA,NA,NA,NA,0,"A and B"
"264",8,"zfa5wrck","leeps_4",0,48,600,"salience_market","FinalResults","2022-11-04 02:13:59.517745+00:00",1,NA,NA,2513,5,NA,360,"{'A': 2, 'B': 5}","{'A': 2, 'B': 5}",600,395,1,"2022-11-04 02:14:25.040682+00:00",1,240,2,2,"2 2",1000,1,100,80,20,0.2,0,0.8,1,3,3,0,-1,8,"dn9wupui",NA,NA,NA,NA,0,"A and B"
"265",1,"6wf6kvye","leeps_1",0,48,600,"salience_market","FinalResults","2022-11-04 02:13:13.215372+00:00",1,NA,NA,2691,4,NA,-85,"{'A': 3, 'B': 5}","{'A': 3, 'B': 5}",575,575,1,"2022-11-04 02:18:48.352129+00:00",2,240,2,2,"2 2",1000,0,100,80,20,0.2,0,0.8,1,3,1,0,-1,8,"dn9wupui",NA,NA,NA,NA,0,"A and B"
"266",2,"b61298uv","leeps_3",0,48,600,"salience_market","FinalResults","2022-11-04 02:13:25.402140+00:00",1,NA,NA,3207,2,NA,230,"{'A': 2, 'B': 2}","{'A': 0, 'B': 0}",1030,510,1,"2022-11-04 02:18:48.352129+00:00",2,240,2,2,"2 2",1000,0,100,80,20,0.2,0,0.8,1,3,1,0,-1,8,"dn9wupui",NA,NA,NA,NA,0,"A and B"
"267",3,"hkr4rgc6","leeps_8",0,48,600,"salience_market","FinalResults","2022-11-04 02:13:29.507395+00:00",1,NA,NA,2806,8,NA,109,"{'A': 2, 'B': 3}","{'A': 2, 'B': 2}",889,889,1,"2022-11-04 02:18:48.352129+00:00",2,240,2,2,"2 2",1000,0,100,80,20,0.2,0,0.8,1,3,1,0,-1,8,"dn9wupui",NA,NA,NA,NA,0,"A and B"
"268",4,"ldtlokf9","leeps_5",0,48,600,"salience_market","FinalResults","2022-11-04 02:13:37.012587+00:00",1,NA,NA,3100,5,NA,200,"{'A': 2, 'B': 2}","{'A': 1, 'B': 0}",1000,816,1,"2022-11-04 02:18:48.352129+00:00",2,240,2,2,"2 2",1000,0,100,80,20,0.2,0,0.8,1,3,1,0,-1,8,"dn9wupui",NA,NA,NA,NA,0,"A and B"
"269",5,"qnc9x73a","leeps_7",0,48,600,"salience_market","FinalResults","2022-11-04 02:13:39.188508+00:00",1,NA,NA,3172,6,NA,325,"{'A': 3, 'B': 0}","{'A': 3, 'B': 0}",1085,895,1,"2022-11-04 02:18:48.352129+00:00",2,240,2,2,"2 2",1000,0,100,80,20,0.2,0,0.8,1,3,1,0,-1,8,"dn9wupui",NA,NA,NA,NA,0,"A and B"
"270",6,"bz0vbobq","leeps_2",0,48,600,"salience_market","FinalResults","2022-11-04 02:13:43.027929+00:00",1,NA,NA,3092,3,NA,252,"{'A': 3, 'B': 1}","{'A': 3, 'B': 1}",992,992,1,"2022-11-04 02:18:48.352129+00:00",2,240,2,2,"2 2",1000,0,100,80,20,0.2,0,0.8,1,3,1,0,-1,8,"dn9wupui",NA,NA,NA,NA,0,"A and B"
"271",7,"jzpxh7ww","leeps_6",0,48,600,"salience_market","FinalResults","2022-11-04 02:13:58.719048+00:00",1,NA,NA,3419,7,NA,409,"{'A': 1, 'B': 0}","{'A': 0, 'B': 0}",1329,1329,1,"2022-11-04 02:18:48.352129+00:00",2,240,2,2,"2 2",1000,0,100,80,20,0.2,0,0.8,1,3,1,0,-1,8,"dn9wupui",NA,NA,NA,NA,0,"A and B"
"272",8,"zfa5wrck","leeps_4",0,48,600,"salience_market","FinalResults","2022-11-04 02:13:59.517745+00:00",1,NA,NA,2513,1,NA,160,"{'A': 0, 'B': 3}","{'A': 0, 'B': 2}",1100,888,1,"2022-11-04 02:18:48.352129+00:00",2,240,2,2,"2 2",1000,0,100,80,20,0.2,0,0.8,1,3,1,0,-1,8,"dn9wupui",NA,NA,NA,NA,0,"A and B"
"273",1,"6wf6kvye","leeps_1",0,48,600,"salience_market","FinalResults","2022-11-04 02:13:13.215372+00:00",1,NA,NA,2691,8,NA,120,"{'A': 2, 'B': 3}","{'A': 2, 'B': 3}",900,900,1,"2022-11-04 02:23:11.301804+00:00",3,240,2,2,"2 2",1000,0,100,80,20,0.2,0,0.8,1,3,1,0,-1,8,"dn9wupui",NA,NA,NA,NA,0,"A and B"
"274",2,"b61298uv","leeps_3",0,48,600,"salience_market","FinalResults","2022-11-04 02:13:25.402140+00:00",1,NA,NA,3207,4,NA,322,"{'A': 0, 'B': 1}","{'A': 0, 'B': 1}",1302,1242,1,"2022-11-04 02:23:11.301804+00:00",3,240,2,2,"2 2",1000,0,100,80,20,0.2,0,0.8,1,3,1,0,-1,8,"dn9wupui",NA,NA,NA,NA,0,"A and B"
"275",3,"hkr4rgc6","leeps_8",0,48,600,"salience_market","FinalResults","2022-11-04 02:13:29.507395+00:00",1,NA,NA,2806,5,NA,121,"{'A': 2, 'B': 3}","{'A': 1, 'B': 3}",901,806,1,"2022-11-04 02:23:11.301804+00:00",3,240,2,2,"2 2",1000,0,100,80,20,0.2,0,0.8,1,3,1,0,-1,8,"dn9wupui",NA,NA,NA,NA,0,"A and B"
"276",4,"ldtlokf9","leeps_5",0,48,600,"salience_market","FinalResults","2022-11-04 02:13:37.012587+00:00",1,NA,NA,3100,7,NA,330,"{'A': 1, 'B': 1}","{'A': 0, 'B': 0}",1230,985,1,"2022-11-04 02:23:11.301804+00:00",3,240,2,2,"2 2",1000,0,100,80,20,0.2,0,0.8,1,3,1,0,-1,8,"dn9wupui",NA,NA,NA,NA,0,"A and B"
"277",5,"qnc9x73a","leeps_7",0,48,600,"salience_market","FinalResults","2022-11-04 02:13:39.188508+00:00",1,NA,NA,3172,1,NA,300,"{'A': 4, 'B': 0}","{'A': 4, 'B': 0}",980,980,1,"2022-11-04 02:23:11.301804+00:00",3,240,2,2,"2 2",1000,0,100,80,20,0.2,0,0.8,1,3,1,0,-1,8,"dn9wupui",NA,NA,NA,NA,0,"A and B"
"278",6,"bz0vbobq","leeps_2",0,48,600,"salience_market","FinalResults","2022-11-04 02:13:43.027929+00:00",1,NA,NA,3092,2,NA,140,"{'A': 4, 'B': 2}","{'A': 4, 'B': 2}",780,780,1,"2022-11-04 02:23:11.301804+00:00",3,240,2,2,"2 2",1000,0,100,80,20,0.2,0,0.8,1,3,1,0,-1,8,"dn9wupui",NA,NA,NA,NA,0,"A and B"
"279",7,"jzpxh7ww","leeps_6",0,48,600,"salience_market","FinalResults","2022-11-04 02:13:58.719048+00:00",1,NA,NA,3419,6,NA,393,"{'A': 1, 'B': 0}","{'A': 1, 'B': 0}",1313,1257,1,"2022-11-04 02:23:11.301804+00:00",3,240,2,2,"2 2",1000,0,100,80,20,0.2,0,0.8,1,3,1,0,-1,8,"dn9wupui",NA,NA,NA,NA,0,"A and B"
"280",8,"zfa5wrck","leeps_4",0,48,600,"salience_market","FinalResults","2022-11-04 02:13:59.517745+00:00",1,NA,NA,2513,3,NA,-126,"{'A': 2, 'B': 6}","{'A': 1, 'B': 6}",594,110,1,"2022-11-04 02:23:11.301804+00:00",3,240,2,2,"2 2",1000,0,100,80,20,0.2,0,0.8,1,3,1,0,-1,8,"dn9wupui",NA,NA,NA,NA,0,"A and B"
"281",1,"6wf6kvye","leeps_1",0,48,600,"salience_market","FinalResults","2022-11-04 02:13:13.215372+00:00",1,NA,NA,2691,5,NA,430,"{'A': 2, 'B': 4}","{'A': 2, 'B': 4}",790,704,1,"2022-11-04 02:27:34.081904+00:00",4,240,2,2,"2 2",1000,0,100,80,20,0.2,0,0.8,1,3,3,0,-1,8,"dn9wupui",NA,NA,NA,NA,0,"A and B"
"282",2,"b61298uv","leeps_3",0,48,600,"salience_market","FinalResults","2022-11-04 02:13:25.402140+00:00",1,NA,NA,3207,6,NA,433,"{'A': 2, 'B': 4}","{'A': 1, 'B': 3}",793,448,1,"2022-11-04 02:27:34.081904+00:00",4,240,2,2,"2 2",1000,0,100,80,20,0.2,0,0.8,1,3,3,0,-1,8,"dn9wupui",NA,NA,NA,NA,0,"A and B"
"283",3,"hkr4rgc6","leeps_8",0,48,600,"salience_market","FinalResults","2022-11-04 02:13:29.507395+00:00",1,NA,NA,2806,2,NA,370,"{'A': 3, 'B': 2}","{'A': 3, 'B': 1}",890,890,1,"2022-11-04 02:27:34.081904+00:00",4,240,2,2,"2 2",1000,0,100,80,20,0.2,0,0.8,1,3,3,0,-1,8,"dn9wupui",NA,NA,NA,NA,0,"A and B"
"284",4,"ldtlokf9","leeps_5",0,48,600,"salience_market","FinalResults","2022-11-04 02:13:37.012587+00:00",1,NA,NA,3100,4,NA,380,"{'A': 2, 'B': 1}","{'A': 0, 'B': 0}",1100,835,1,"2022-11-04 02:27:34.081904+00:00",4,240,2,2,"2 2",1000,0,100,80,20,0.2,0,0.8,1,3,3,0,-1,8,"dn9wupui",NA,NA,NA,NA,0,"A and B"
"285",5,"qnc9x73a","leeps_7",0,48,600,"salience_market","FinalResults","2022-11-04 02:13:39.188508+00:00",1,NA,NA,3172,8,NA,382,"{'A': 2, 'B': 1}","{'A': 2, 'B': 1}",1102,1102,1,"2022-11-04 02:27:34.081904+00:00",4,240,2,2,"2 2",1000,0,100,80,20,0.2,0,0.8,1,3,3,0,-1,8,"dn9wupui",NA,NA,NA,NA,0,"A and B"
"286",6,"bz0vbobq","leeps_2",0,48,600,"salience_market","FinalResults","2022-11-04 02:13:43.027929+00:00",1,NA,NA,3092,3,NA,375,"{'A': 3, 'B': 3}","{'A': 3, 'B': 3}",775,775,1,"2022-11-04 02:27:34.081904+00:00",4,240,2,2,"2 2",1000,0,100,80,20,0.2,0,0.8,1,3,3,0,-1,8,"dn9wupui",NA,NA,NA,NA,0,"A and B"
"287",7,"jzpxh7ww","leeps_6",0,48,600,"salience_market","FinalResults","2022-11-04 02:13:58.719048+00:00",1,NA,NA,3419,1,NA,420,"{'A': 1, 'B': 0}","{'A': 0, 'B': 0}",1340,849,1,"2022-11-04 02:27:34.081904+00:00",4,240,2,2,"2 2",1000,0,100,80,20,0.2,0,0.8,1,3,3,0,-1,8,"dn9wupui",NA,NA,NA,NA,0,"A and B"
"288",8,"zfa5wrck","leeps_4",0,48,600,"salience_market","FinalResults","2022-11-04 02:13:59.517745+00:00",1,NA,NA,2513,7,NA,410,"{'A': 1, 'B': 1}","{'A': 0, 'B': 1}",1210,1012,1,"2022-11-04 02:27:34.081904+00:00",4,240,2,2,"2 2",1000,0,100,80,20,0.2,0,0.8,1,3,3,0,-1,8,"dn9wupui",NA,NA,NA,NA,0,"A and B"
"289",1,"6wf6kvye","leeps_1",0,48,600,"salience_market","FinalResults","2022-11-04 02:13:13.215372+00:00",1,NA,NA,2691,7,NA,411,"{'A': 2, 'B': 3}","{'A': 2, 'B': 3}",891,785,1,"2022-11-04 02:31:57.217435+00:00",5,240,2,2,"2 2",1000,0,100,80,20,0.2,0,0.8,1,3,3,0,-1,8,"dn9wupui",NA,NA,NA,NA,0,"A and B"
"290",2,"b61298uv","leeps_3",0,48,600,"salience_market","FinalResults","2022-11-04 02:13:25.402140+00:00",1,NA,NA,3207,3,NA,358,"{'A': 4, 'B': 5}","{'A': 2, 'B': 3}",438,233,1,"2022-11-04 02:31:57.217435+00:00",5,240,2,2,"2 2",1000,0,100,80,20,0.2,0,0.8,1,3,3,0,-1,8,"dn9wupui",NA,NA,NA,NA,0,"A and B"
"291",3,"hkr4rgc6","leeps_8",0,48,600,"salience_market","FinalResults","2022-11-04 02:13:29.507395+00:00",1,NA,NA,2806,4,NA,377,"{'A': 3, 'B': 2}","{'A': 3, 'B': 2}",897,897,1,"2022-11-04 02:31:57.217435+00:00",5,240,2,2,"2 2",1000,0,100,80,20,0.2,0,0.8,1,3,3,0,-1,8,"dn9wupui",NA,NA,NA,NA,0,"A and B"
"292",4,"ldtlokf9","leeps_5",0,48,600,"salience_market","FinalResults","2022-11-04 02:13:37.012587+00:00",1,NA,NA,3100,8,NA,417,"{'A': 1, 'B': 0}","{'A': 0, 'B': 0}",1337,1064,1,"2022-11-04 02:31:57.217435+00:00",5,240,2,2,"2 2",1000,0,100,80,20,0.2,0,0.8,1,3,3,0,-1,8,"dn9wupui",NA,NA,NA,NA,0,"A and B"
"293",5,"qnc9x73a","leeps_7",0,48,600,"salience_market","FinalResults","2022-11-04 02:13:39.188508+00:00",1,NA,NA,3172,1,NA,413,"{'A': 1, 'B': 1}","{'A': 1, 'B': 1}",1213,1213,1,"2022-11-04 02:31:57.217435+00:00",5,240,2,2,"2 2",1000,0,100,80,20,0.2,0,0.8,1,3,3,0,-1,8,"dn9wupui",NA,NA,NA,NA,0,"A and B"
"294",6,"bz0vbobq","leeps_2",0,48,600,"salience_market","FinalResults","2022-11-04 02:13:43.027929+00:00",1,NA,NA,3092,5,NA,380,"{'A': 3, 'B': 3}","{'A': 3, 'B': 3}",780,780,1,"2022-11-04 02:31:57.217435+00:00",5,240,2,2,"2 2",1000,0,100,80,20,0.2,0,0.8,1,3,3,0,-1,8,"dn9wupui",NA,NA,NA,NA,0,"A and B"
"295",7,"jzpxh7ww","leeps_6",0,48,600,"salience_market","FinalResults","2022-11-04 02:13:58.719048+00:00",1,NA,NA,3419,2,NA,386,"{'A': 2, 'B': 0}","{'A': 1, 'B': 0}",1226,1130,1,"2022-11-04 02:31:57.217435+00:00",5,240,2,2,"2 2",1000,0,100,80,20,0.2,0,0.8,1,3,3,0,-1,8,"dn9wupui",NA,NA,NA,NA,0,"A and B"
"296",8,"zfa5wrck","leeps_4",0,48,600,"salience_market","FinalResults","2022-11-04 02:13:59.517745+00:00",1,NA,NA,2513,6,NA,458,"{'A': 0, 'B': 2}","{'A': 0, 'B': 1}",1218,1218,1,"2022-11-04 02:31:57.217435+00:00",5,240,2,2,"2 2",1000,0,100,80,20,0.2,0,0.8,1,3,3,0,-1,8,"dn9wupui",NA,NA,NA,NA,0,"A and B"
"297",1,"6wf6kvye","leeps_1",0,48,600,"salience_market","FinalResults","2022-11-04 02:13:13.215372+00:00",1,NA,NA,2691,7,NA,413,"{'A': 2, 'B': 3}","{'A': 2, 'B': 3}",893,794,1,"2022-11-04 02:36:10.256624+00:00",6,240,2,2,"2 2",1000,0,100,80,20,0.2,0,0.8,1,3,3,0,-1,8,"dn9wupui",NA,NA,NA,NA,0,"A and B"
"298",2,"b61298uv","leeps_3",0,48,600,"salience_market","FinalResults","2022-11-04 02:13:25.402140+00:00",1,NA,NA,3207,4,NA,372,"{'A': 3, 'B': 4}","{'A': 0, 'B': 2}",652,372,1,"2022-11-04 02:36:10.256624+00:00",6,240,2,2,"2 2",1000,0,100,80,20,0.2,0,0.8,1,3,3,0,-1,8,"dn9wupui",NA,NA,NA,NA,0,"A and B"
"299",3,"hkr4rgc6","leeps_8",0,48,600,"salience_market","FinalResults","2022-11-04 02:13:29.507395+00:00",1,NA,NA,2806,8,NA,382,"{'A': 3, 'B': 2}","{'A': 3, 'B': 2}",902,800,1,"2022-11-04 02:36:10.256624+00:00",6,240,2,2,"2 2",1000,0,100,80,20,0.2,0,0.8,1,3,3,0,-1,8,"dn9wupui",NA,NA,NA,NA,0,"A and B"
"300",4,"ldtlokf9","leeps_5",0,48,600,"salience_market","FinalResults","2022-11-04 02:13:37.012587+00:00",1,NA,NA,3100,2,NA,383,"{'A': 2, 'B': 0}","{'A': 0, 'B': 0}",1223,1045,1,"2022-11-04 02:36:10.256624+00:00",6,240,2,2,"2 2",1000,0,100,80,20,0.2,0,0.8,1,3,3,0,-1,8,"dn9wupui",NA,NA,NA,NA,0,"A and B"
"301",5,"qnc9x73a","leeps_7",0,48,600,"salience_market","FinalResults","2022-11-04 02:13:39.188508+00:00",1,NA,NA,3172,5,NA,410,"{'A': 1, 'B': 1}","{'A': 1, 'B': 1}",1210,1210,1,"2022-11-04 02:36:10.256624+00:00",6,240,2,2,"2 2",1000,0,100,80,20,0.2,0,0.8,1,3,3,0,-1,8,"dn9wupui",NA,NA,NA,NA,0,"A and B"
"302",6,"bz0vbobq","leeps_2",0,48,600,"salience_market","FinalResults","2022-11-04 02:13:43.027929+00:00",1,NA,NA,3092,1,NA,400,"{'A': 2, 'B': 3}","{'A': 1, 'B': 2}",880,880,1,"2022-11-04 02:36:10.256624+00:00",6,240,2,2,"2 2",1000,0,100,80,20,0.2,0,0.8,1,3,3,0,-1,8,"dn9wupui",NA,NA,NA,NA,0,"A and B"
"303",7,"jzpxh7ww","leeps_6",0,48,600,"salience_market","FinalResults","2022-11-04 02:13:58.719048+00:00",1,NA,NA,3419,6,NA,425,"{'A': 1, 'B': 0}","{'A': 1, 'B': 0}",1345,780,1,"2022-11-04 02:36:10.256624+00:00",6,240,2,2,"2 2",1000,0,100,80,20,0.2,0,0.8,1,3,3,0,-1,8,"dn9wupui",NA,NA,NA,NA,0,"A and B"
"304",8,"zfa5wrck","leeps_4",0,48,600,"salience_market","FinalResults","2022-11-04 02:13:59.517745+00:00",1,NA,NA,2513,3,NA,415,"{'A': 2, 'B': 3}","{'A': 2, 'B': 3}",895,895,1,"2022-11-04 02:36:10.256624+00:00",6,240,2,2,"2 2",1000,0,100,80,20,0.2,0,0.8,1,3,3,0,-1,8,"dn9wupui",NA,NA,NA,NA,0,"A and B"
"305",1,"6wf6kvye","leeps_1",0,48,600,"salience_market","FinalResults","2022-11-04 02:13:13.215372+00:00",1,NA,NA,2691,7,NA,615,"{'A': 2, 'B': 3}","{'A': 2, 'B': 3}",895,794,1,"2022-11-04 02:40:32.346345+00:00",7,240,2,2,"2 2",1000,0,100,80,20,0.2,0,0.8,1,1,3,0,-1,8,"dn9wupui",NA,NA,NA,NA,0,"A and B"
"306",2,"b61298uv","leeps_3",0,48,600,"salience_market","FinalResults","2022-11-04 02:13:25.402140+00:00",1,NA,NA,3207,5,NA,670,"{'A': 3, 'B': 2}","{'A': 2, 'B': 2}",890,690,1,"2022-11-04 02:40:32.346345+00:00",7,240,2,2,"2 2",1000,0,100,80,20,0.2,0,0.8,1,1,3,0,-1,8,"dn9wupui",NA,NA,NA,NA,0,"A and B"
"307",3,"hkr4rgc6","leeps_8",0,48,600,"salience_market","FinalResults","2022-11-04 02:13:29.507395+00:00",1,NA,NA,2806,4,NA,677,"{'A': 3, 'B': 2}","{'A': 3, 'B': 2}",897,897,1,"2022-11-04 02:40:32.346345+00:00",7,240,2,2,"2 2",1000,0,100,80,20,0.2,0,0.8,1,1,3,0,-1,8,"dn9wupui",NA,NA,NA,NA,0,"A and B"
"308",4,"ldtlokf9","leeps_5",0,48,600,"salience_market","FinalResults","2022-11-04 02:13:37.012587+00:00",1,NA,NA,3100,6,NA,526,"{'A': 1, 'B': 1}","{'A': 0, 'B': 0}",1226,1029,1,"2022-11-04 02:40:32.346345+00:00",7,240,2,2,"2 2",1000,0,100,80,20,0.2,0,0.8,1,1,3,0,-1,8,"dn9wupui",NA,NA,NA,NA,0,"A and B"
"309",5,"qnc9x73a","leeps_7",0,48,600,"salience_market","FinalResults","2022-11-04 02:13:39.188508+00:00",1,NA,NA,3172,2,NA,513,"{'A': 1, 'B': 1}","{'A': 1, 'B': 1}",1213,1213,1,"2022-11-04 02:40:32.346345+00:00",7,240,2,2,"2 2",1000,0,100,80,20,0.2,0,0.8,1,1,3,0,-1,8,"dn9wupui",NA,NA,NA,NA,0,"A and B"
"310",6,"bz0vbobq","leeps_2",0,48,600,"salience_market","FinalResults","2022-11-04 02:13:43.027929+00:00",1,NA,NA,3092,1,NA,831,"{'A': 5, 'B': 4}","{'A': 4, 'B': 3}",451,313,1,"2022-11-04 02:40:32.346345+00:00",7,240,2,2,"2 2",1000,0,100,80,20,0.2,0,0.8,1,1,3,0,-1,8,"dn9wupui",NA,NA,NA,NA,0,"A and B"
"311",7,"jzpxh7ww","leeps_6",0,48,600,"salience_market","FinalResults","2022-11-04 02:13:58.719048+00:00",1,NA,NA,3419,3,NA,438,"{'A': 0, 'B': 0}","{'A': 0, 'B': 0}",1438,1438,1,"2022-11-04 02:40:32.346345+00:00",7,240,2,2,"2 2",1000,0,100,80,20,0.2,0,0.8,1,1,3,0,-1,8,"dn9wupui",NA,NA,NA,NA,0,"A and B"
"312",8,"zfa5wrck","leeps_4",0,48,600,"salience_market","FinalResults","2022-11-04 02:13:59.517745+00:00",1,NA,NA,2513,8,NA,530,"{'A': 1, 'B': 3}","{'A': 1, 'B': 1}",990,990,1,"2022-11-04 02:40:32.346345+00:00",7,240,2,2,"2 2",1000,0,100,80,20,0.2,0,0.8,1,1,3,0,-1,8,"dn9wupui",NA,NA,NA,NA,0,"A and B"
"313",1,"6wf6kvye","leeps_1",0,48,600,"salience_market","FinalResults","2022-11-04 02:13:13.215372+00:00",1,NA,NA,2691,7,NA,417,"{'A': 2, 'B': 4}","{'A': 2, 'B': 4}",777,676,1,"2022-11-04 02:44:54.623198+00:00",8,240,2,2,"2 2",1000,0,100,80,20,0.2,0,0.8,1,3,3,0,4,8,"dn9wupui",NA,NA,NA,NA,0,"A and B"
"314",2,"b61298uv","leeps_3",0,48,600,"salience_market","FinalResults","2022-11-04 02:13:25.402140+00:00",1,NA,NA,3207,5,NA,437,"{'A': 1, 'B': 3}","{'A': 1, 'B': 2}",997,794,1,"2022-11-04 02:44:54.623198+00:00",8,240,2,2,"2 2",1000,0,100,80,20,0.2,0,0.8,1,3,3,0,4,8,"dn9wupui",NA,NA,NA,NA,0,"A and B"
"315",3,"hkr4rgc6","leeps_8",0,48,600,"salience_market","FinalResults","2022-11-04 02:13:29.507395+00:00",1,NA,NA,2806,2,NA,375,"{'A': 3, 'B': 2}","{'A': 3, 'B': 2}",895,793,1,"2022-11-04 02:44:54.623198+00:00",8,240,2,2,"2 2",1000,0,100,80,20,0.2,0,0.8,1,3,3,0,4,8,"dn9wupui",NA,NA,NA,NA,0,"A and B"
"316",4,"ldtlokf9","leeps_5",0,48,600,"salience_market","FinalResults","2022-11-04 02:13:37.012587+00:00",1,NA,NA,3100,8,NA,454,"{'A': 0, 'B': 0}","{'A': 0, 'B': 0}",1454,1284,1,"2022-11-04 02:44:54.623198+00:00",8,240,2,2,"2 2",1000,0,100,80,20,0.2,0,0.8,1,3,3,0,4,8,"dn9wupui",NA,NA,NA,NA,0,"A and B"
"317",5,"qnc9x73a","leeps_7",0,48,600,"salience_market","FinalResults","2022-11-04 02:13:39.188508+00:00",1,NA,NA,3172,6,NA,449,"{'A': 0, 'B': 1}","{'A': 0, 'B': 0}",1329,1329,1,"2022-11-04 02:44:54.623198+00:00",8,240,2,2,"2 2",1000,0,100,80,20,0.2,0,0.8,1,3,3,0,4,8,"dn9wupui",NA,NA,NA,NA,0,"A and B"
"318",6,"bz0vbobq","leeps_2",0,48,600,"salience_market","FinalResults","2022-11-04 02:13:43.027929+00:00",1,NA,NA,3092,1,NA,314,"{'A': 5, 'B': 4}","{'A': 3, 'B': 3}",434,434,1,"2022-11-04 02:44:54.623198+00:00",8,240,2,2,"2 2",1000,0,100,80,20,0.2,0,0.8,1,3,3,0,4,8,"dn9wupui",NA,NA,NA,NA,0,"A and B"
"319",7,"jzpxh7ww","leeps_6",0,48,600,"salience_market","FinalResults","2022-11-04 02:13:58.719048+00:00",1,NA,NA,3419,4,NA,448,"{'A': 0, 'B': 0}","{'A': 0, 'B': 0}",1448,1446,1,"2022-11-04 02:44:54.623198+00:00",8,240,2,2,"2 2",1000,0,100,80,20,0.2,0,0.8,1,3,3,0,4,8,"dn9wupui",NA,NA,NA,NA,0,"A and B"
"320",8,"zfa5wrck","leeps_4",0,48,600,"salience_market","FinalResults","2022-11-04 02:13:59.517745+00:00",1,NA,NA,2513,3,NA,306,"{'A': 5, 'B': 2}","{'A': 5, 'B': 2}",666,666,1,"2022-11-04 02:44:54.623198+00:00",8,240,2,2,"2 2",1000,0,100,80,20,0.2,0,0.8,1,3,3,0,4,8,"dn9wupui",NA,NA,NA,NA,0,"A and B"
